image_id,file_name,caption_file,category,aspect,caption,resolution,format,al_rifai_contamination,has_text_overlay,source
0000,0000.png,0000.txt,portal,Monumental Entrance Portal (البوابة),"sltnhsn, monumental entrance portal, towering tiered muqarnas stalactite corbelling hood vault, pointed deep arch niche, alternating ablaq dark and cream stone masonry courses, monumental grand wooden entrance doors with ornate geometric bronze bosses, authentic Cairo daylight",1024x1024,PNG,0.0,False,data/raw/external/الواجهة_الجانبية_لمدخل_مسجد_السلطان_حسن.jp
0001,0001.png,0001.txt,walls,Exterior Facade Walls & Windows (الحوائط والشبابيك الغائرة),"sltnhsn, monumental exterior facade, massive plain ashlar limestone walls, deep vertical recessed window bays with double-tiered arched openings, stepped cresting along roofline, fortress-like Bahri Mamluk architecture, clear Egyptian sky",1024x1024,PNG,0.0,False,data/raw/external/مسجد و مدرسة السلطان حسن-يقع البناء بميدان
0002,0002.png,0002.txt,walls,Exterior Facade Walls & Windows (الحوائط والشبابيك الغائرة),"sltnhsn, monumental exterior facade, massive plain ashlar limestone walls, deep vertical recessed window bays with double-tiered arched openings, stepped cresting along roofline, fortress-like Bahri Mamluk architecture, clear Egyptian sky",1024x1024,PNG,0.0,False,data/raw/external/مسجد و مدرسة السلطان حسن-يقع البناء بميدان
0003,0003.png,0003.txt,walls,Exterior Facade Walls & Windows (الحوائط والشبابيك الغائرة),"sltnhsn, monumental exterior facade, massive plain ashlar limestone walls, deep vertical recessed window bays with double-tiered arched openings, stepped cresting along roofline, fortress-like Bahri Mamluk architecture, clear Egyptian sky",1024x1024,PNG,0.0,False,data/raw/external/msjd_wmdrsh_lsltn_hsn.jpg
0004,0004.png,0004.txt,walls,Exterior Facade Walls & Windows (الحوائط والشبابيك الغائرة),"sltnhsn, monumental exterior facade, massive plain ashlar limestone walls, deep vertical recessed window bays with double-tiered arched openings, stepped cresting along roofline, fortress-like Bahri Mamluk architecture, clear Egyptian sky",1024x1024,PNG,0.0,False,data/raw/external/مسجد_السلطان_حسن_-_رؤية_جديدة_02.jpg
0005,0005.png,0005.txt,dome,Mausoleum Exterior Dome (القبة الخارجية),"sltnhsn, heavy masonry dome over the mausoleum chamber viewed from the exterior, stepped circular stone drum, monumental limestone walls, authentic Bahri Mamluk dome proportions, bright daylight",1024x1024,PNG,0.0,False,data/raw/external/xمسجد و مدرسة السلطان حسن-يقع البناء بميدا
0006,0006.png,0006.txt,dome,Mausoleum Exterior Dome (القبة الخارجية),"sltnhsn, heavy masonry dome over the mausoleum chamber viewed from the exterior, stepped circular stone drum, monumental limestone walls, authentic Bahri Mamluk dome proportions, bright daylight",1024x1024,PNG,0.0,False,data/raw/external/مسجد و مدرسة السلطان حسن-يقع البناء بميدان
0007,0007.png,0007.txt,dome,Mausoleum Exterior Dome (القبة الخارجية),"sltnhsn, heavy masonry dome over the mausoleum chamber viewed from the exterior, stepped circular stone drum, monumental limestone walls, authentic Bahri Mamluk dome proportions, bright daylight",1024x1024,PNG,0.0,False,data/raw/external/مسجد و مدرسة السلطان حسن-يقع البناء بميدان
0008,0008.png,0008.txt,dome,Mausoleum Exterior Dome (القبة الخارجية),"sltnhsn, heavy masonry dome over the mausoleum chamber viewed from the exterior, stepped circular stone drum, monumental limestone walls, authentic Bahri Mamluk dome proportions, bright daylight",1024x1024,PNG,0.0,False,data/raw/external/#مسجدالسلطان_حسن (3).jpg
0009,0009.png,0009.txt,dome,Mausoleum Exterior Dome (القبة الخارجية),"sltnhsn, heavy masonry dome over the mausoleum chamber viewed from the exterior, stepped circular stone drum, monumental limestone walls, authentic Bahri Mamluk dome proportions, bright daylight",1024x1024,PNG,0.0,False,data/raw/external/من مسجد السلطان حسن رحلة بصرية بين النور و
0010,0010.png,0010.txt,minarets,Soaring Mamluk Minarets (المآذن المملوكية),"sltnhsn, soaring octagonal stone minaret, carved stone balustrades and balconies, upper pavilion with bulbous finial, authentic Mamluk masonry, exterior perspective against clear azure Egyptian sky",1024x1024,PNG,0.0,False,data/raw/external/من مسجد السلطان حسن رحلة بصرية بين النور و
0011,0011.png,0011.txt,square,Citadel & Salah al-Din Square Perspective (الميدان والمنظور الشامل),"sltnhsn, monumental exterior perspective from Salah al-Din Square and Cairo Citadel, wide elevation showing massive limestone walls, soaring minarets, and mausoleum dome, authentic Cairo daylight, clear of neighboring structures",1024x1024,PNG,0.0,False,data/raw/external/1200px-Hassan_Mosque.jpg
0012,0012.png,0012.txt,square,Citadel & Salah al-Din Square Perspective (الميدان والمنظور الشامل),"sltnhsn, monumental exterior perspective from Salah al-Din Square and Cairo Citadel, wide elevation showing massive limestone walls, soaring minarets, and mausoleum dome, authentic Cairo daylight, clear of neighboring structures",1024x1024,PNG,0.0,False,data/raw/external/من مسجد السلطان حسن رحلة بصرية بين النور و
0013,0013.png,0013.txt,square,Citadel & Salah al-Din Square Perspective (الميدان والمنظور الشامل),"sltnhsn, monumental exterior perspective from Salah al-Din Square and Cairo Citadel, wide elevation showing massive limestone walls, soaring minarets, and mausoleum dome, authentic Cairo daylight, clear of neighboring structures",1024x1024,PNG,0.0,False,data/raw/external/مغرمة بكل تفصيلة وزخروفة فيهم 🤎🧡🤎🧡 #مسجدال
0014,0014.png,0014.txt,square,Citadel & Salah al-Din Square Perspective (الميدان والمنظور الشامل),"sltnhsn, monumental exterior perspective from Salah al-Din Square and Cairo Citadel, wide elevation showing massive limestone walls, soaring minarets, and mausoleum dome, authentic Cairo daylight, clear of neighboring structures",1024x1024,PNG,0.0,False,data/raw/external/مغرمة بكل تفصيلة وزخروفة فيهم 🤎🧡🤎🧡 #مسجدال
0015,0015.png,0015.txt,square,Citadel & Salah al-Din Square Perspective (الميدان والمنظور الشامل),"sltnhsn, monumental exterior perspective from Salah al-Din Square and Cairo Citadel, wide elevation showing massive limestone walls, soaring minarets, and mausoleum dome, authentic Cairo daylight, clear of neighboring structures",1024x1024,PNG,0.0,False,data/raw/external/#مسجدالسلطان_حسن (1).jpg
0016,0016.png,0016.txt,square,Citadel & Salah al-Din Square Perspective (الميدان والمنظور الشامل),"sltnhsn, monumental exterior perspective from Salah al-Din Square and Cairo Citadel, wide elevation showing massive limestone walls, soaring minarets, and mausoleum dome, authentic Cairo daylight, clear of neighboring structures",1024x1024,PNG,0.0,False,data/raw/external/#مسجدالسلطان_حسن (2).jpg
