frame_id,local_filename,width,height,short_side,blur_score,brightness,contrast,aspect_ratio,quality_status,rejection_reason
000000_0.00s,الله_من_مسجد_السلطان_حسن_بالقاهرة_مصر_جم_172dae5d_000000_0.00s.jpg,720,1282,720,229.23,98.43,69.41,1.78,REVIEW,Short side 720px < 1024px (eligible for framing upscale)
000015_0.50s,الله_من_مسجد_السلطان_حسن_بالقاهرة_مصر_جم_172dae5d_000015_0.50s.jpg,720,1282,720,192.99,99.51,69.5,1.78,REVIEW,Short side 720px < 1024px (eligible for framing upscale)
000030_1.00s,الله_من_مسجد_السلطان_حسن_بالقاهرة_مصر_جم_172dae5d_000030_1.00s.jpg,720,1282,720,213.32,107.81,75.18,1.78,REVIEW,Short side 720px < 1024px (eligible for framing upscale)
000045_1.50s,الله_من_مسجد_السلطان_حسن_بالقاهرة_مصر_جم_172dae5d_000045_1.50s.jpg,720,1282,720,149.67,96.14,70.96,1.78,REVIEW,Short side 720px < 1024px (eligible for framing upscale)
000060_2.00s,الله_من_مسجد_السلطان_حسن_بالقاهرة_مصر_جم_172dae5d_000060_2.00s.jpg,720,1282,720,126.04,101.73,66.86,1.78,REVIEW,Short side 720px < 1024px (eligible for framing upscale)
000075_2.50s,الله_من_مسجد_السلطان_حسن_بالقاهرة_مصر_جم_172dae5d_000075_2.50s.jpg,720,1282,720,70.81,102.21,61.85,1.78,REVIEW,Short side 720px < 1024px (eligible for framing upscale); Borderline blur (score: 70.81 < 100.0)
000090_3.00s,الله_من_مسجد_السلطان_حسن_بالقاهرة_مصر_جم_172dae5d_000090_3.00s.jpg,720,1282,720,72.5,99.1,59.03,1.78,REVIEW,Short side 720px < 1024px (eligible for framing upscale); Borderline blur (score: 72.5 < 100.0)
000105_3.50s,الله_من_مسجد_السلطان_حسن_بالقاهرة_مصر_جم_172dae5d_000105_3.50s.jpg,720,1282,720,56.19,110.95,56.49,1.78,REVIEW,Short side 720px < 1024px (eligible for framing upscale); Borderline blur (score: 56.19 < 100.0)
000120_4.00s,الله_من_مسجد_السلطان_حسن_بالقاهرة_مصر_جم_172dae5d_000120_4.00s.jpg,720,1282,720,69.26,116.36,56.74,1.78,REVIEW,Short side 720px < 1024px (eligible for framing upscale); Borderline blur (score: 69.26 < 100.0)
000135_4.50s,الله_من_مسجد_السلطان_حسن_بالقاهرة_مصر_جم_172dae5d_000135_4.50s.jpg,720,1282,720,93.63,105.54,74.73,1.78,REVIEW,Short side 720px < 1024px (eligible for framing upscale); Borderline blur (score: 93.63 < 100.0)
000150_5.00s,الله_من_مسجد_السلطان_حسن_بالقاهرة_مصر_جم_172dae5d_000150_5.00s.jpg,720,1282,720,95.26,107.92,67.03,1.78,REVIEW,Short side 720px < 1024px (eligible for framing upscale); Borderline blur (score: 95.26 < 100.0)
000165_5.50s,الله_من_مسجد_السلطان_حسن_بالقاهرة_مصر_جم_172dae5d_000165_5.50s.jpg,720,1282,720,91.62,112.93,67.34,1.78,REVIEW,Short side 720px < 1024px (eligible for framing upscale); Borderline blur (score: 91.62 < 100.0)
000000_0.00s,جمعه_مباركه_مسجدالسلطان_حسن_مسجد_مساجد_م_e6d3b582_000000_0.00s.jpg,720,1280,720,1025.82,95.27,73.97,1.78,REVIEW,Short side 720px < 1024px (eligible for framing upscale)
000015_0.50s,جمعه_مباركه_مسجدالسلطان_حسن_مسجد_مساجد_م_e6d3b582_000015_0.50s.jpg,720,1280,720,806.91,96.33,73.68,1.78,REVIEW,Short side 720px < 1024px (eligible for framing upscale)
000030_1.00s,جمعه_مباركه_مسجدالسلطان_حسن_مسجد_مساجد_م_e6d3b582_000030_1.00s.jpg,720,1280,720,774.92,96.89,73.19,1.78,REVIEW,Short side 720px < 1024px (eligible for framing upscale)
000045_1.50s,جمعه_مباركه_مسجدالسلطان_حسن_مسجد_مساجد_م_e6d3b582_000045_1.50s.jpg,720,1280,720,762.41,98.21,73.01,1.78,REVIEW,Short side 720px < 1024px (eligible for framing upscale)
000060_2.00s,جمعه_مباركه_مسجدالسلطان_حسن_مسجد_مساجد_م_e6d3b582_000060_2.00s.jpg,720,1280,720,902.08,97.18,72.96,1.78,REVIEW,Short side 720px < 1024px (eligible for framing upscale)
000075_2.50s,جمعه_مباركه_مسجدالسلطان_حسن_مسجد_مساجد_م_e6d3b582_000075_2.50s.jpg,720,1280,720,805.23,97.96,73.18,1.78,REVIEW,Short side 720px < 1024px (eligible for framing upscale)
000090_3.00s,جمعه_مباركه_مسجدالسلطان_حسن_مسجد_مساجد_م_e6d3b582_000090_3.00s.jpg,720,1280,720,815.01,97.98,72.77,1.78,REVIEW,Short side 720px < 1024px (eligible for framing upscale)
000105_3.50s,جمعه_مباركه_مسجدالسلطان_حسن_مسجد_مساجد_م_e6d3b582_000105_3.50s.jpg,720,1280,720,804.58,99.2,73.11,1.78,REVIEW,Short side 720px < 1024px (eligible for framing upscale)
000120_4.00s,جمعه_مباركه_مسجدالسلطان_حسن_مسجد_مساجد_م_e6d3b582_000120_4.00s.jpg,720,1280,720,898.42,99.6,72.81,1.78,REVIEW,Short side 720px < 1024px (eligible for framing upscale)
000135_4.50s,جمعه_مباركه_مسجدالسلطان_حسن_مسجد_مساجد_م_e6d3b582_000135_4.50s.jpg,720,1280,720,757.43,100.49,73.22,1.78,REVIEW,Short side 720px < 1024px (eligible for framing upscale)
000150_5.00s,جمعه_مباركه_مسجدالسلطان_حسن_مسجد_مساجد_م_e6d3b582_000150_5.00s.jpg,720,1280,720,958.79,100.34,72.86,1.78,REVIEW,Short side 720px < 1024px (eligible for framing upscale)
000165_5.50s,جمعه_مباركه_مسجدالسلطان_حسن_مسجد_مساجد_م_e6d3b582_000165_5.50s.jpg,720,1280,720,748.76,102.27,72.75,1.78,REVIEW,Short side 720px < 1024px (eligible for framing upscale)
000180_6.00s,جمعه_مباركه_مسجدالسلطان_حسن_مسجد_مساجد_م_e6d3b582_000180_6.00s.jpg,720,1280,720,715.11,103.88,72.1,1.78,REVIEW,Short side 720px < 1024px (eligible for framing upscale)
000195_6.50s,جمعه_مباركه_مسجدالسلطان_حسن_مسجد_مساجد_م_e6d3b582_000195_6.50s.jpg,720,1280,720,737.82,106.6,71.87,1.78,REVIEW,Short side 720px < 1024px (eligible for framing upscale)
000210_7.00s,جمعه_مباركه_مسجدالسلطان_حسن_مسجد_مساجد_م_e6d3b582_000210_7.00s.jpg,720,1280,720,836.02,107.19,71.78,1.78,REVIEW,Short side 720px < 1024px (eligible for framing upscale)
000225_7.50s,جمعه_مباركه_مسجدالسلطان_حسن_مسجد_مساجد_م_e6d3b582_000225_7.50s.jpg,720,1280,720,732.65,108.39,71.74,1.78,REVIEW,Short side 720px < 1024px (eligible for framing upscale)
000240_8.00s,جمعه_مباركه_مسجدالسلطان_حسن_مسجد_مساجد_م_e6d3b582_000240_8.00s.jpg,720,1280,720,752.84,109.35,71.33,1.78,REVIEW,Short side 720px < 1024px (eligible for framing upscale)
000255_8.50s,جمعه_مباركه_مسجدالسلطان_حسن_مسجد_مساجد_م_e6d3b582_000255_8.50s.jpg,720,1280,720,742.48,112.12,70.55,1.78,REVIEW,Short side 720px < 1024px (eligible for framing upscale)
000270_9.00s,جمعه_مباركه_مسجدالسلطان_حسن_مسجد_مساجد_م_e6d3b582_000270_9.00s.jpg,720,1280,720,818.28,114.49,69.61,1.78,REVIEW,Short side 720px < 1024px (eligible for framing upscale)
000285_9.50s,جمعه_مباركه_مسجدالسلطان_حسن_مسجد_مساجد_م_e6d3b582_000285_9.50s.jpg,720,1280,720,711.15,117.87,68.61,1.78,REVIEW,Short side 720px < 1024px (eligible for framing upscale)
000300_10.00s,جمعه_مباركه_مسجدالسلطان_حسن_مسجد_مساجد_م_e6d3b582_000300_10.00s.jpg,720,1280,720,883.92,120.89,68.22,1.78,REVIEW,Short side 720px < 1024px (eligible for framing upscale)
000315_10.50s,جمعه_مباركه_مسجدالسلطان_حسن_مسجد_مساجد_م_e6d3b582_000315_10.50s.jpg,720,1280,720,609.61,127.09,65.19,1.78,REVIEW,Short side 720px < 1024px (eligible for framing upscale)
000330_11.00s,جمعه_مباركه_مسجدالسلطان_حسن_مسجد_مساجد_م_e6d3b582_000330_11.00s.jpg,720,1280,720,600.16,130.62,62.63,1.78,REVIEW,Short side 720px < 1024px (eligible for framing upscale)
000345_11.50s,جمعه_مباركه_مسجدالسلطان_حسن_مسجد_مساجد_م_e6d3b582_000345_11.50s.jpg,720,1280,720,593.54,128.77,63.1,1.78,REVIEW,Short side 720px < 1024px (eligible for framing upscale)
000360_12.00s,جمعه_مباركه_مسجدالسلطان_حسن_مسجد_مساجد_م_e6d3b582_000360_12.00s.jpg,720,1280,720,719.06,127.03,63.62,1.78,REVIEW,Short side 720px < 1024px (eligible for framing upscale)
000375_12.50s,جمعه_مباركه_مسجدالسلطان_حسن_مسجد_مساجد_م_e6d3b582_000375_12.50s.jpg,720,1280,720,586.68,126.45,63.52,1.78,REVIEW,Short side 720px < 1024px (eligible for framing upscale)
000390_13.00s,جمعه_مباركه_مسجدالسلطان_حسن_مسجد_مساجد_م_e6d3b582_000390_13.00s.jpg,720,1280,720,600.97,125.98,63.74,1.78,REVIEW,Short side 720px < 1024px (eligible for framing upscale)
000405_13.50s,جمعه_مباركه_مسجدالسلطان_حسن_مسجد_مساجد_م_e6d3b582_000405_13.50s.jpg,720,1280,720,605.01,125.39,63.73,1.78,REVIEW,Short side 720px < 1024px (eligible for framing upscale)
000420_14.00s,جمعه_مباركه_مسجدالسلطان_حسن_مسجد_مساجد_م_e6d3b582_000420_14.00s.jpg,720,1280,720,708.68,124.88,64.12,1.78,REVIEW,Short side 720px < 1024px (eligible for framing upscale)
000435_14.50s,جمعه_مباركه_مسجدالسلطان_حسن_مسجد_مساجد_م_e6d3b582_000435_14.50s.jpg,720,1280,720,587.33,125.72,64.15,1.78,REVIEW,Short side 720px < 1024px (eligible for framing upscale)
000450_15.00s,جمعه_مباركه_مسجدالسلطان_حسن_مسجد_مساجد_م_e6d3b582_000450_15.00s.jpg,720,1280,720,783.68,124.39,64.19,1.78,REVIEW,Short side 720px < 1024px (eligible for framing upscale)
000465_15.50s,جمعه_مباركه_مسجدالسلطان_حسن_مسجد_مساجد_م_e6d3b582_000465_15.50s.jpg,720,1280,720,563.33,123.89,63.87,1.78,REVIEW,Short side 720px < 1024px (eligible for framing upscale)
000480_16.00s,جمعه_مباركه_مسجدالسلطان_حسن_مسجد_مساجد_م_e6d3b582_000480_16.00s.jpg,720,1280,720,320.95,125.46,50.09,1.78,REVIEW,Short side 720px < 1024px (eligible for framing upscale)
000495_16.50s,جمعه_مباركه_مسجدالسلطان_حسن_مسجد_مساجد_م_e6d3b582_000495_16.50s.jpg,720,1280,720,736.99,134.77,72.03,1.78,REVIEW,Short side 720px < 1024px (eligible for framing upscale)
000510_17.00s,جمعه_مباركه_مسجدالسلطان_حسن_مسجد_مساجد_م_e6d3b582_000510_17.00s.jpg,720,1280,720,753.55,136.03,72.64,1.78,REVIEW,Short side 720px < 1024px (eligible for framing upscale)
000525_17.50s,جمعه_مباركه_مسجدالسلطان_حسن_مسجد_مساجد_م_e6d3b582_000525_17.50s.jpg,720,1280,720,899.0,136.0,72.92,1.78,REVIEW,Short side 720px < 1024px (eligible for framing upscale)
000540_18.00s,جمعه_مباركه_مسجدالسلطان_حسن_مسجد_مساجد_م_e6d3b582_000540_18.00s.jpg,720,1280,720,718.03,136.07,72.9,1.78,REVIEW,Short side 720px < 1024px (eligible for framing upscale)
000555_18.50s,جمعه_مباركه_مسجدالسلطان_حسن_مسجد_مساجد_م_e6d3b582_000555_18.50s.jpg,720,1280,720,810.26,135.88,73.68,1.78,REVIEW,Short side 720px < 1024px (eligible for framing upscale)
000570_19.00s,جمعه_مباركه_مسجدالسلطان_حسن_مسجد_مساجد_م_e6d3b582_000570_19.00s.jpg,720,1280,720,809.24,135.82,73.62,1.78,REVIEW,Short side 720px < 1024px (eligible for framing upscale)
000585_19.50s,جمعه_مباركه_مسجدالسلطان_حسن_مسجد_مساجد_م_e6d3b582_000585_19.50s.jpg,720,1280,720,1002.05,136.28,73.91,1.78,REVIEW,Short side 720px < 1024px (eligible for framing upscale)
000600_20.00s,جمعه_مباركه_مسجدالسلطان_حسن_مسجد_مساجد_م_e6d3b582_000600_20.00s.jpg,720,1280,720,1188.27,124.71,68.27,1.78,REVIEW,Short side 720px < 1024px (eligible for framing upscale)
000615_20.50s,جمعه_مباركه_مسجدالسلطان_حسن_مسجد_مساجد_م_e6d3b582_000615_20.50s.jpg,720,1280,720,801.47,127.01,68.28,1.78,REVIEW,Short side 720px < 1024px (eligible for framing upscale)
000630_21.00s,جمعه_مباركه_مسجدالسلطان_حسن_مسجد_مساجد_م_e6d3b582_000630_21.00s.jpg,720,1280,720,836.67,131.43,68.22,1.78,REVIEW,Short side 720px < 1024px (eligible for framing upscale)
000645_21.50s,جمعه_مباركه_مسجدالسلطان_حسن_مسجد_مساجد_م_e6d3b582_000645_21.50s.jpg,720,1280,720,782.1,134.49,67.53,1.78,REVIEW,Short side 720px < 1024px (eligible for framing upscale)
000000_0.00s,في_قلب_القاهره_يقف_مسجد_السلطان_حسن_كواح_3b681b02_000000_0.00s.jpg,720,1280,720,166.91,136.66,72.99,1.78,REVIEW,Short side 720px < 1024px (eligible for framing upscale)
000015_0.50s,في_قلب_القاهره_يقف_مسجد_السلطان_حسن_كواح_3b681b02_000015_0.50s.jpg,720,1280,720,134.49,138.02,72.75,1.78,REVIEW,Short side 720px < 1024px (eligible for framing upscale)
000030_1.00s,في_قلب_القاهره_يقف_مسجد_السلطان_حسن_كواح_3b681b02_000030_1.00s.jpg,720,1280,720,150.55,139.13,72.37,1.78,REVIEW,Short side 720px < 1024px (eligible for framing upscale)
000045_1.50s,في_قلب_القاهره_يقف_مسجد_السلطان_حسن_كواح_3b681b02_000045_1.50s.jpg,720,1280,720,155.3,140.24,71.98,1.78,REVIEW,Short side 720px < 1024px (eligible for framing upscale)
000060_2.00s,في_قلب_القاهره_يقف_مسجد_السلطان_حسن_كواح_3b681b02_000060_2.00s.jpg,720,1280,720,176.26,139.31,73.56,1.78,REVIEW,Short side 720px < 1024px (eligible for framing upscale)
000075_2.50s,في_قلب_القاهره_يقف_مسجد_السلطان_حسن_كواح_3b681b02_000075_2.50s.jpg,720,1280,720,159.08,139.24,74.49,1.78,REVIEW,Short side 720px < 1024px (eligible for framing upscale)
000090_3.00s,في_قلب_القاهره_يقف_مسجد_السلطان_حسن_كواح_3b681b02_000090_3.00s.jpg,720,1280,720,164.68,137.92,76.22,1.78,REVIEW,Short side 720px < 1024px (eligible for framing upscale)
000105_3.50s,في_قلب_القاهره_يقف_مسجد_السلطان_حسن_كواح_3b681b02_000105_3.50s.jpg,720,1280,720,169.44,137.86,76.64,1.78,REVIEW,Short side 720px < 1024px (eligible for framing upscale)
000120_4.00s,في_قلب_القاهره_يقف_مسجد_السلطان_حسن_كواح_3b681b02_000120_4.00s.jpg,720,1280,720,193.2,137.43,76.84,1.78,REVIEW,Short side 720px < 1024px (eligible for framing upscale)
000135_4.50s,في_قلب_القاهره_يقف_مسجد_السلطان_حسن_كواح_3b681b02_000135_4.50s.jpg,720,1280,720,161.57,140.61,76.03,1.78,REVIEW,Short side 720px < 1024px (eligible for framing upscale)
000150_5.00s,في_قلب_القاهره_يقف_مسجد_السلطان_حسن_كواح_3b681b02_000150_5.00s.jpg,720,1280,720,164.59,142.16,74.17,1.78,REVIEW,Short side 720px < 1024px (eligible for framing upscale)
000165_5.50s,في_قلب_القاهره_يقف_مسجد_السلطان_حسن_كواح_3b681b02_000165_5.50s.jpg,720,1280,720,76.69,74.69,50.29,1.78,REVIEW,Short side 720px < 1024px (eligible for framing upscale); Borderline blur (score: 76.69 < 100.0)
000180_6.00s,في_قلب_القاهره_يقف_مسجد_السلطان_حسن_كواح_3b681b02_000180_6.00s.jpg,720,1280,720,92.73,84.53,57.12,1.78,REVIEW,Short side 720px < 1024px (eligible for framing upscale); Borderline blur (score: 92.73 < 100.0)
000195_6.50s,في_قلب_القاهره_يقف_مسجد_السلطان_حسن_كواح_3b681b02_000195_6.50s.jpg,720,1280,720,91.9,90.64,59.32,1.78,REVIEW,Short side 720px < 1024px (eligible for framing upscale); Borderline blur (score: 91.9 < 100.0)
000210_7.00s,في_قلب_القاهره_يقف_مسجد_السلطان_حسن_كواح_3b681b02_000210_7.00s.jpg,720,1280,720,114.94,94.55,59.4,1.78,REVIEW,Short side 720px < 1024px (eligible for framing upscale)
000225_7.50s,في_قلب_القاهره_يقف_مسجد_السلطان_حسن_كواح_3b681b02_000225_7.50s.jpg,720,1280,720,123.92,98.66,56.62,1.78,REVIEW,Short side 720px < 1024px (eligible for framing upscale)
000240_8.00s,في_قلب_القاهره_يقف_مسجد_السلطان_حسن_كواح_3b681b02_000240_8.00s.jpg,720,1280,720,182.5,102.54,55.56,1.78,REVIEW,Short side 720px < 1024px (eligible for framing upscale)
000255_8.50s,في_قلب_القاهره_يقف_مسجد_السلطان_حسن_كواح_3b681b02_000255_8.50s.jpg,720,1280,720,196.08,98.23,53.88,1.78,REVIEW,Short side 720px < 1024px (eligible for framing upscale)
000270_9.00s,في_قلب_القاهره_يقف_مسجد_السلطان_حسن_كواح_3b681b02_000270_9.00s.jpg,720,1280,720,270.82,92.89,52.57,1.78,REVIEW,Short side 720px < 1024px (eligible for framing upscale)
000285_9.50s,في_قلب_القاهره_يقف_مسجد_السلطان_حسن_كواح_3b681b02_000285_9.50s.jpg,720,1280,720,246.74,91.31,50.63,1.78,REVIEW,Short side 720px < 1024px (eligible for framing upscale)
000300_10.00s,في_قلب_القاهره_يقف_مسجد_السلطان_حسن_كواح_3b681b02_000300_10.00s.jpg,720,1280,720,398.55,89.05,48.16,1.78,REVIEW,Short side 720px < 1024px (eligible for framing upscale)
000315_10.50s,في_قلب_القاهره_يقف_مسجد_السلطان_حسن_كواح_3b681b02_000315_10.50s.jpg,720,1280,720,96.03,114.05,46.47,1.78,REVIEW,Short side 720px < 1024px (eligible for framing upscale); Borderline blur (score: 96.03 < 100.0)
000330_11.00s,في_قلب_القاهره_يقف_مسجد_السلطان_حسن_كواح_3b681b02_000330_11.00s.jpg,720,1280,720,109.18,111.97,46.61,1.78,REVIEW,Short side 720px < 1024px (eligible for framing upscale)
000345_11.50s,في_قلب_القاهره_يقف_مسجد_السلطان_حسن_كواح_3b681b02_000345_11.50s.jpg,720,1280,720,108.92,111.56,46.12,1.78,REVIEW,Short side 720px < 1024px (eligible for framing upscale)
000360_12.00s,في_قلب_القاهره_يقف_مسجد_السلطان_حسن_كواح_3b681b02_000360_12.00s.jpg,720,1280,720,145.83,112.89,45.69,1.78,REVIEW,Short side 720px < 1024px (eligible for framing upscale)
000375_12.50s,في_قلب_القاهره_يقف_مسجد_السلطان_حسن_كواح_3b681b02_000375_12.50s.jpg,720,1280,720,123.77,116.64,44.12,1.78,REVIEW,Short side 720px < 1024px (eligible for framing upscale)
000390_13.00s,في_قلب_القاهره_يقف_مسجد_السلطان_حسن_كواح_3b681b02_000390_13.00s.jpg,720,1280,720,140.86,118.78,43.18,1.78,REVIEW,Short side 720px < 1024px (eligible for framing upscale)
000405_13.50s,في_قلب_القاهره_يقف_مسجد_السلطان_حسن_كواح_3b681b02_000405_13.50s.jpg,720,1280,720,138.13,120.32,42.35,1.78,REVIEW,Short side 720px < 1024px (eligible for framing upscale)
000420_14.00s,في_قلب_القاهره_يقف_مسجد_السلطان_حسن_كواح_3b681b02_000420_14.00s.jpg,720,1280,720,189.24,121.13,41.53,1.78,REVIEW,Short side 720px < 1024px (eligible for framing upscale)
000435_14.50s,في_قلب_القاهره_يقف_مسجد_السلطان_حسن_كواح_3b681b02_000435_14.50s.jpg,720,1280,720,176.65,123.93,41.32,1.78,REVIEW,Short side 720px < 1024px (eligible for framing upscale)
000450_15.00s,في_قلب_القاهره_يقف_مسجد_السلطان_حسن_كواح_3b681b02_000450_15.00s.jpg,720,1280,720,204.08,125.69,41.09,1.78,REVIEW,Short side 720px < 1024px (eligible for framing upscale)
000000_0.00s,لولا_ان_يقال_ان_ملك_مصر_عجز_عن_بناء_بناه_799af4b8_000000_0.00s.jpg,720,1280,720,1502.27,140.16,46.73,1.78,REVIEW,Short side 720px < 1024px (eligible for framing upscale)
000015_0.50s,لولا_ان_يقال_ان_ملك_مصر_عجز_عن_بناء_بناه_799af4b8_000015_0.50s.jpg,720,1280,720,888.74,142.19,48.56,1.78,REVIEW,Short side 720px < 1024px (eligible for framing upscale)
000030_1.00s,لولا_ان_يقال_ان_ملك_مصر_عجز_عن_بناء_بناه_799af4b8_000030_1.00s.jpg,720,1280,720,826.73,142.65,48.04,1.78,REVIEW,Short side 720px < 1024px (eligible for framing upscale)
000045_1.50s,لولا_ان_يقال_ان_ملك_مصر_عجز_عن_بناء_بناه_799af4b8_000045_1.50s.jpg,720,1280,720,747.54,140.82,47.22,1.78,REVIEW,Short side 720px < 1024px (eligible for framing upscale)
000060_2.00s,لولا_ان_يقال_ان_ملك_مصر_عجز_عن_بناء_بناه_799af4b8_000060_2.00s.jpg,720,1280,720,981.39,141.39,47.66,1.78,REVIEW,Short side 720px < 1024px (eligible for framing upscale)
000075_2.50s,لولا_ان_يقال_ان_ملك_مصر_عجز_عن_بناء_بناه_799af4b8_000075_2.50s.jpg,720,1280,720,730.5,140.24,48.38,1.78,REVIEW,Short side 720px < 1024px (eligible for framing upscale)
000090_3.00s,لولا_ان_يقال_ان_ملك_مصر_عجز_عن_بناء_بناه_799af4b8_000090_3.00s.jpg,720,1280,720,931.65,140.38,48.31,1.78,REVIEW,Short side 720px < 1024px (eligible for framing upscale)
000105_3.50s,لولا_ان_يقال_ان_ملك_مصر_عجز_عن_بناء_بناه_799af4b8_000105_3.50s.jpg,720,1280,720,772.75,142.35,47.26,1.78,REVIEW,Short side 720px < 1024px (eligible for framing upscale)
000120_4.00s,لولا_ان_يقال_ان_ملك_مصر_عجز_عن_بناء_بناه_799af4b8_000120_4.00s.jpg,720,1280,720,1034.17,141.77,47.91,1.78,REVIEW,Short side 720px < 1024px (eligible for framing upscale)
000135_4.50s,لولا_ان_يقال_ان_ملك_مصر_عجز_عن_بناء_بناه_799af4b8_000135_4.50s.jpg,720,1280,720,761.29,141.74,46.2,1.78,REVIEW,Short side 720px < 1024px (eligible for framing upscale)
000150_5.00s,لولا_ان_يقال_ان_ملك_مصر_عجز_عن_بناء_بناه_799af4b8_000150_5.00s.jpg,720,1280,720,362.4,141.76,45.14,1.78,REVIEW,Short side 720px < 1024px (eligible for framing upscale)
000165_5.50s,لولا_ان_يقال_ان_ملك_مصر_عجز_عن_بناء_بناه_799af4b8_000165_5.50s.jpg,720,1280,720,403.75,143.65,44.76,1.78,REVIEW,Short side 720px < 1024px (eligible for framing upscale)
000180_6.00s,لولا_ان_يقال_ان_ملك_مصر_عجز_عن_بناء_بناه_799af4b8_000180_6.00s.jpg,720,1280,720,417.07,138.21,39.31,1.78,REVIEW,Short side 720px < 1024px (eligible for framing upscale)
000195_6.50s,لولا_ان_يقال_ان_ملك_مصر_عجز_عن_بناء_بناه_799af4b8_000195_6.50s.jpg,720,1280,720,461.58,135.42,46.62,1.78,REVIEW,Short side 720px < 1024px (eligible for framing upscale)
000210_7.00s,لولا_ان_يقال_ان_ملك_مصر_عجز_عن_بناء_بناه_799af4b8_000210_7.00s.jpg,720,1280,720,972.69,140.95,47.26,1.78,REVIEW,Short side 720px < 1024px (eligible for framing upscale)
000225_7.50s,لولا_ان_يقال_ان_ملك_مصر_عجز_عن_بناء_بناه_799af4b8_000225_7.50s.jpg,720,1280,720,713.22,149.04,46.72,1.78,REVIEW,Short side 720px < 1024px (eligible for framing upscale)
000240_8.00s,لولا_ان_يقال_ان_ملك_مصر_عجز_عن_بناء_بناه_799af4b8_000240_8.00s.jpg,720,1280,720,712.47,152.14,46.7,1.78,REVIEW,Short side 720px < 1024px (eligible for framing upscale)
000255_8.50s,لولا_ان_يقال_ان_ملك_مصر_عجز_عن_بناء_بناه_799af4b8_000255_8.50s.jpg,720,1280,720,552.35,152.54,46.81,1.78,REVIEW,Short side 720px < 1024px (eligible for framing upscale)
000270_9.00s,لولا_ان_يقال_ان_ملك_مصر_عجز_عن_بناء_بناه_799af4b8_000270_9.00s.jpg,720,1280,720,725.52,153.84,46.75,1.78,REVIEW,Short side 720px < 1024px (eligible for framing upscale)
000285_9.50s,لولا_ان_يقال_ان_ملك_مصر_عجز_عن_بناء_بناه_799af4b8_000285_9.50s.jpg,720,1280,720,522.28,156.55,43.69,1.78,REVIEW,Short side 720px < 1024px (eligible for framing upscale)
000300_10.00s,لولا_ان_يقال_ان_ملك_مصر_عجز_عن_بناء_بناه_799af4b8_000300_10.00s.jpg,720,1280,720,868.86,157.72,41.98,1.78,REVIEW,Short side 720px < 1024px (eligible for framing upscale)
000315_10.50s,لولا_ان_يقال_ان_ملك_مصر_عجز_عن_بناء_بناه_799af4b8_000315_10.50s.jpg,720,1280,720,521.33,161.03,39.68,1.78,REVIEW,Short side 720px < 1024px (eligible for framing upscale)
000330_11.00s,لولا_ان_يقال_ان_ملك_مصر_عجز_عن_بناء_بناه_799af4b8_000330_11.00s.jpg,720,1280,720,446.64,163.33,36.23,1.78,REVIEW,Short side 720px < 1024px (eligible for framing upscale)
000345_11.50s,لولا_ان_يقال_ان_ملك_مصر_عجز_عن_بناء_بناه_799af4b8_000345_11.50s.jpg,720,1280,720,325.52,166.66,33.73,1.78,REVIEW,Short side 720px < 1024px (eligible for framing upscale)
000360_12.00s,لولا_ان_يقال_ان_ملك_مصر_عجز_عن_بناء_بناه_799af4b8_000360_12.00s.jpg,720,1280,720,371.42,161.15,46.61,1.78,REVIEW,Short side 720px < 1024px (eligible for framing upscale)
000375_12.50s,لولا_ان_يقال_ان_ملك_مصر_عجز_عن_بناء_بناه_799af4b8_000375_12.50s.jpg,720,1280,720,188.53,150.04,65.19,1.78,REVIEW,Short side 720px < 1024px (eligible for framing upscale)
000390_13.00s,لولا_ان_يقال_ان_ملك_مصر_عجز_عن_بناء_بناه_799af4b8_000390_13.00s.jpg,720,1280,720,153.55,137.24,76.3,1.78,REVIEW,Short side 720px < 1024px (eligible for framing upscale)
000405_13.50s,لولا_ان_يقال_ان_ملك_مصر_عجز_عن_بناء_بناه_799af4b8_000405_13.50s.jpg,720,1280,720,116.56,124.47,79.86,1.78,REVIEW,Short side 720px < 1024px (eligible for framing upscale)
000420_14.00s,لولا_ان_يقال_ان_ملك_مصر_عجز_عن_بناء_بناه_799af4b8_000420_14.00s.jpg,720,1280,720,40.68,106.87,47.99,1.78,REVIEW,Short side 720px < 1024px (eligible for framing upscale); Borderline blur (score: 40.68 < 100.0)
000435_14.50s,لولا_ان_يقال_ان_ملك_مصر_عجز_عن_بناء_بناه_799af4b8_000435_14.50s.jpg,720,1280,720,142.15,96.78,60.13,1.78,REVIEW,Short side 720px < 1024px (eligible for framing upscale)
000450_15.00s,لولا_ان_يقال_ان_ملك_مصر_عجز_عن_بناء_بناه_799af4b8_000450_15.00s.jpg,720,1280,720,243.41,102.38,61.53,1.78,REVIEW,Short side 720px < 1024px (eligible for framing upscale)
000465_15.50s,لولا_ان_يقال_ان_ملك_مصر_عجز_عن_بناء_بناه_799af4b8_000465_15.50s.jpg,720,1280,720,164.36,103.44,64.2,1.78,REVIEW,Short side 720px < 1024px (eligible for framing upscale)
000480_16.00s,لولا_ان_يقال_ان_ملك_مصر_عجز_عن_بناء_بناه_799af4b8_000480_16.00s.jpg,720,1280,720,216.53,104.12,64.43,1.78,REVIEW,Short side 720px < 1024px (eligible for framing upscale)
000495_16.50s,لولا_ان_يقال_ان_ملك_مصر_عجز_عن_بناء_بناه_799af4b8_000495_16.50s.jpg,720,1280,720,223.82,110.5,65.48,1.78,REVIEW,Short side 720px < 1024px (eligible for framing upscale)
000510_17.00s,لولا_ان_يقال_ان_ملك_مصر_عجز_عن_بناء_بناه_799af4b8_000510_17.00s.jpg,720,1280,720,369.17,118.4,64.05,1.78,REVIEW,Short side 720px < 1024px (eligible for framing upscale)
000525_17.50s,لولا_ان_يقال_ان_ملك_مصر_عجز_عن_بناء_بناه_799af4b8_000525_17.50s.jpg,720,1280,720,332.54,125.67,62.65,1.78,REVIEW,Short side 720px < 1024px (eligible for framing upscale)
000540_18.00s,لولا_ان_يقال_ان_ملك_مصر_عجز_عن_بناء_بناه_799af4b8_000540_18.00s.jpg,720,1280,720,377.45,127.49,61.91,1.78,REVIEW,Short side 720px < 1024px (eligible for framing upscale)
000555_18.50s,لولا_ان_يقال_ان_ملك_مصر_عجز_عن_بناء_بناه_799af4b8_000555_18.50s.jpg,720,1280,720,350.2,124.87,64.02,1.78,REVIEW,Short side 720px < 1024px (eligible for framing upscale)
000570_19.00s,لولا_ان_يقال_ان_ملك_مصر_عجز_عن_بناء_بناه_799af4b8_000570_19.00s.jpg,720,1280,720,566.65,133.24,59.7,1.78,REVIEW,Short side 720px < 1024px (eligible for framing upscale)
000585_19.50s,لولا_ان_يقال_ان_ملك_مصر_عجز_عن_بناء_بناه_799af4b8_000585_19.50s.jpg,720,1280,720,288.05,134.68,64.1,1.78,REVIEW,Short side 720px < 1024px (eligible for framing upscale)
000600_20.00s,لولا_ان_يقال_ان_ملك_مصر_عجز_عن_بناء_بناه_799af4b8_000600_20.00s.jpg,720,1280,720,639.95,131.9,68.34,1.78,REVIEW,Short side 720px < 1024px (eligible for framing upscale)
000615_20.50s,لولا_ان_يقال_ان_ملك_مصر_عجز_عن_بناء_بناه_799af4b8_000615_20.50s.jpg,720,1280,720,573.34,132.14,69.02,1.78,REVIEW,Short side 720px < 1024px (eligible for framing upscale)
000630_21.00s,لولا_ان_يقال_ان_ملك_مصر_عجز_عن_بناء_بناه_799af4b8_000630_21.00s.jpg,720,1280,720,483.52,133.11,68.5,1.78,REVIEW,Short side 720px < 1024px (eligible for framing upscale)
000645_21.50s,لولا_ان_يقال_ان_ملك_مصر_عجز_عن_بناء_بناه_799af4b8_000645_21.50s.jpg,720,1280,720,446.66,132.69,68.27,1.78,REVIEW,Short side 720px < 1024px (eligible for framing upscale)
000660_22.00s,لولا_ان_يقال_ان_ملك_مصر_عجز_عن_بناء_بناه_799af4b8_000660_22.00s.jpg,720,1280,720,467.95,128.68,64.98,1.78,REVIEW,Short side 720px < 1024px (eligible for framing upscale)
000675_22.50s,لولا_ان_يقال_ان_ملك_مصر_عجز_عن_بناء_بناه_799af4b8_000675_22.50s.jpg,720,1280,720,617.03,125.14,61.45,1.78,REVIEW,Short side 720px < 1024px (eligible for framing upscale)
000690_23.00s,لولا_ان_يقال_ان_ملك_مصر_عجز_عن_بناء_بناه_799af4b8_000690_23.00s.jpg,720,1280,720,418.66,127.1,62.35,1.78,REVIEW,Short side 720px < 1024px (eligible for framing upscale)
000705_23.50s,لولا_ان_يقال_ان_ملك_مصر_عجز_عن_بناء_بناه_799af4b8_000705_23.50s.jpg,720,1280,720,472.77,123.37,62.71,1.78,REVIEW,Short side 720px < 1024px (eligible for framing upscale)
000720_24.00s,لولا_ان_يقال_ان_ملك_مصر_عجز_عن_بناء_بناه_799af4b8_000720_24.00s.jpg,720,1280,720,458.07,123.66,62.94,1.78,REVIEW,Short side 720px < 1024px (eligible for framing upscale)
000735_24.50s,لولا_ان_يقال_ان_ملك_مصر_عجز_عن_بناء_بناه_799af4b8_000735_24.50s.jpg,720,1280,720,693.17,124.59,64.55,1.78,REVIEW,Short side 720px < 1024px (eligible for framing upscale)
000750_25.00s,لولا_ان_يقال_ان_ملك_مصر_عجز_عن_بناء_بناه_799af4b8_000750_25.00s.jpg,720,1280,720,1033.46,124.13,65.26,1.78,REVIEW,Short side 720px < 1024px (eligible for framing upscale)
000765_25.50s,لولا_ان_يقال_ان_ملك_مصر_عجز_عن_بناء_بناه_799af4b8_000765_25.50s.jpg,720,1280,720,427.4,122.63,66.35,1.78,REVIEW,Short side 720px < 1024px (eligible for framing upscale)
000780_26.00s,لولا_ان_يقال_ان_ملك_مصر_عجز_عن_بناء_بناه_799af4b8_000780_26.00s.jpg,720,1280,720,718.1,123.05,67.42,1.78,REVIEW,Short side 720px < 1024px (eligible for framing upscale)
000795_26.50s,لولا_ان_يقال_ان_ملك_مصر_عجز_عن_بناء_بناه_799af4b8_000795_26.50s.jpg,720,1280,720,780.97,125.79,67.32,1.78,REVIEW,Short side 720px < 1024px (eligible for framing upscale)
000810_27.00s,لولا_ان_يقال_ان_ملك_مصر_عجز_عن_بناء_بناه_799af4b8_000810_27.00s.jpg,720,1280,720,1121.07,127.68,68.11,1.78,REVIEW,Short side 720px < 1024px (eligible for framing upscale)
000825_27.50s,لولا_ان_يقال_ان_ملك_مصر_عجز_عن_بناء_بناه_799af4b8_000825_27.50s.jpg,720,1280,720,786.3,130.09,67.47,1.78,REVIEW,Short side 720px < 1024px (eligible for framing upscale)
000840_28.00s,لولا_ان_يقال_ان_ملك_مصر_عجز_عن_بناء_بناه_799af4b8_000840_28.00s.jpg,720,1280,720,847.49,130.17,67.17,1.78,REVIEW,Short side 720px < 1024px (eligible for framing upscale)
000855_28.50s,لولا_ان_يقال_ان_ملك_مصر_عجز_عن_بناء_بناه_799af4b8_000855_28.50s.jpg,720,1280,720,674.57,129.81,66.3,1.78,REVIEW,Short side 720px < 1024px (eligible for framing upscale)
000870_29.00s,لولا_ان_يقال_ان_ملك_مصر_عجز_عن_بناء_بناه_799af4b8_000870_29.00s.jpg,720,1280,720,1007.39,128.23,65.19,1.78,REVIEW,Short side 720px < 1024px (eligible for framing upscale)
000885_29.50s,لولا_ان_يقال_ان_ملك_مصر_عجز_عن_بناء_بناه_799af4b8_000885_29.50s.jpg,720,1280,720,642.23,128.63,63.43,1.78,REVIEW,Short side 720px < 1024px (eligible for framing upscale)
000900_30.00s,لولا_ان_يقال_ان_ملك_مصر_عجز_عن_بناء_بناه_799af4b8_000900_30.00s.jpg,720,1280,720,796.6,129.11,62.8,1.78,REVIEW,Short side 720px < 1024px (eligible for framing upscale)
000915_30.50s,لولا_ان_يقال_ان_ملك_مصر_عجز_عن_بناء_بناه_799af4b8_000915_30.50s.jpg,720,1280,720,108.88,139.99,36.45,1.78,REVIEW,Short side 720px < 1024px (eligible for framing upscale)
000930_31.00s,لولا_ان_يقال_ان_ملك_مصر_عجز_عن_بناء_بناه_799af4b8_000930_31.00s.jpg,720,1280,720,725.1,144.8,51.6,1.78,REVIEW,Short side 720px < 1024px (eligible for framing upscale)
000945_31.50s,لولا_ان_يقال_ان_ملك_مصر_عجز_عن_بناء_بناه_799af4b8_000945_31.50s.jpg,720,1280,720,541.55,144.73,52.02,1.78,REVIEW,Short side 720px < 1024px (eligible for framing upscale)
000960_32.00s,لولا_ان_يقال_ان_ملك_مصر_عجز_عن_بناء_بناه_799af4b8_000960_32.00s.jpg,720,1280,720,464.93,143.76,52.52,1.78,REVIEW,Short side 720px < 1024px (eligible for framing upscale)
000975_32.50s,لولا_ان_يقال_ان_ملك_مصر_عجز_عن_بناء_بناه_799af4b8_000975_32.50s.jpg,720,1280,720,495.59,144.95,52.6,1.78,REVIEW,Short side 720px < 1024px (eligible for framing upscale)
000990_33.00s,لولا_ان_يقال_ان_ملك_مصر_عجز_عن_بناء_بناه_799af4b8_000990_33.00s.jpg,720,1280,720,262.41,148.43,50.53,1.78,REVIEW,Short side 720px < 1024px (eligible for framing upscale)
001005_33.50s,لولا_ان_يقال_ان_ملك_مصر_عجز_عن_بناء_بناه_799af4b8_001005_33.50s.jpg,720,1280,720,418.0,148.14,48.2,1.78,REVIEW,Short side 720px < 1024px (eligible for framing upscale)
001020_34.00s,لولا_ان_يقال_ان_ملك_مصر_عجز_عن_بناء_بناه_799af4b8_001020_34.00s.jpg,720,1280,720,465.59,150.56,45.75,1.78,REVIEW,Short side 720px < 1024px (eligible for framing upscale)
001035_34.50s,لولا_ان_يقال_ان_ملك_مصر_عجز_عن_بناء_بناه_799af4b8_001035_34.50s.jpg,720,1280,720,271.56,148.56,45.27,1.78,REVIEW,Short side 720px < 1024px (eligible for framing upscale)
001050_35.00s,لولا_ان_يقال_ان_ملك_مصر_عجز_عن_بناء_بناه_799af4b8_001050_35.00s.jpg,720,1280,720,223.16,144.27,45.21,1.78,REVIEW,Short side 720px < 1024px (eligible for framing upscale)
001065_35.50s,لولا_ان_يقال_ان_ملك_مصر_عجز_عن_بناء_بناه_799af4b8_001065_35.50s.jpg,720,1280,720,146.99,143.68,46.36,1.78,REVIEW,Short side 720px < 1024px (eligible for framing upscale)
001080_36.00s,لولا_ان_يقال_ان_ملك_مصر_عجز_عن_بناء_بناه_799af4b8_001080_36.00s.jpg,720,1280,720,164.64,141.35,48.07,1.78,REVIEW,Short side 720px < 1024px (eligible for framing upscale)
001095_36.50s,لولا_ان_يقال_ان_ملك_مصر_عجز_عن_بناء_بناه_799af4b8_001095_36.50s.jpg,720,1280,720,248.04,140.42,47.61,1.78,REVIEW,Short side 720px < 1024px (eligible for framing upscale)
001110_37.00s,لولا_ان_يقال_ان_ملك_مصر_عجز_عن_بناء_بناه_799af4b8_001110_37.00s.jpg,720,1280,720,255.39,139.25,48.15,1.78,REVIEW,Short side 720px < 1024px (eligible for framing upscale)
001125_37.50s,لولا_ان_يقال_ان_ملك_مصر_عجز_عن_بناء_بناه_799af4b8_001125_37.50s.jpg,720,1280,720,376.61,134.66,52.52,1.78,REVIEW,Short side 720px < 1024px (eligible for framing upscale)
001140_38.00s,لولا_ان_يقال_ان_ملك_مصر_عجز_عن_بناء_بناه_799af4b8_001140_38.00s.jpg,720,1280,720,294.45,130.41,57.58,1.78,REVIEW,Short side 720px < 1024px (eligible for framing upscale)
001155_38.50s,لولا_ان_يقال_ان_ملك_مصر_عجز_عن_بناء_بناه_799af4b8_001155_38.50s.jpg,720,1280,720,253.16,123.6,60.44,1.78,REVIEW,Short side 720px < 1024px (eligible for framing upscale)
001170_39.00s,لولا_ان_يقال_ان_ملك_مصر_عجز_عن_بناء_بناه_799af4b8_001170_39.00s.jpg,720,1280,720,166.7,117.04,51.06,1.78,REVIEW,Short side 720px < 1024px (eligible for framing upscale)
001185_39.50s,لولا_ان_يقال_ان_ملك_مصر_عجز_عن_بناء_بناه_799af4b8_001185_39.50s.jpg,720,1280,720,1120.99,121.35,46.15,1.78,REVIEW,Short side 720px < 1024px (eligible for framing upscale)
001200_40.00s,لولا_ان_يقال_ان_ملك_مصر_عجز_عن_بناء_بناه_799af4b8_001200_40.00s.jpg,720,1280,720,1937.97,122.56,49.13,1.78,REVIEW,Short side 720px < 1024px (eligible for framing upscale)
001215_40.50s,لولا_ان_يقال_ان_ملك_مصر_عجز_عن_بناء_بناه_799af4b8_001215_40.50s.jpg,720,1280,720,1230.1,123.37,48.83,1.78,REVIEW,Short side 720px < 1024px (eligible for framing upscale)
001230_41.00s,لولا_ان_يقال_ان_ملك_مصر_عجز_عن_بناء_بناه_799af4b8_001230_41.00s.jpg,720,1280,720,1369.99,123.76,49.2,1.78,REVIEW,Short side 720px < 1024px (eligible for framing upscale)
001245_41.50s,لولا_ان_يقال_ان_ملك_مصر_عجز_عن_بناء_بناه_799af4b8_001245_41.50s.jpg,720,1280,720,1121.93,124.36,49.43,1.78,REVIEW,Short side 720px < 1024px (eligible for framing upscale)
001260_42.00s,لولا_ان_يقال_ان_ملك_مصر_عجز_عن_بناء_بناه_799af4b8_001260_42.00s.jpg,720,1280,720,1722.03,123.71,50.19,1.78,REVIEW,Short side 720px < 1024px (eligible for framing upscale)
001275_42.50s,لولا_ان_يقال_ان_ملك_مصر_عجز_عن_بناء_بناه_799af4b8_001275_42.50s.jpg,720,1280,720,1205.16,123.31,49.41,1.78,REVIEW,Short side 720px < 1024px (eligible for framing upscale)
001290_43.00s,لولا_ان_يقال_ان_ملك_مصر_عجز_عن_بناء_بناه_799af4b8_001290_43.00s.jpg,720,1280,720,1245.13,122.74,48.91,1.78,REVIEW,Short side 720px < 1024px (eligible for framing upscale)
001305_43.50s,لولا_ان_يقال_ان_ملك_مصر_عجز_عن_بناء_بناه_799af4b8_001305_43.50s.jpg,720,1280,720,1071.12,124.11,48.72,1.78,REVIEW,Short side 720px < 1024px (eligible for framing upscale)
001320_44.00s,لولا_ان_يقال_ان_ملك_مصر_عجز_عن_بناء_بناه_799af4b8_001320_44.00s.jpg,720,1280,720,1741.99,123.72,49.57,1.78,REVIEW,Short side 720px < 1024px (eligible for framing upscale)
001335_44.50s,لولا_ان_يقال_ان_ملك_مصر_عجز_عن_بناء_بناه_799af4b8_001335_44.50s.jpg,720,1280,720,1239.71,125.13,49.49,1.78,REVIEW,Short side 720px < 1024px (eligible for framing upscale)
001350_45.00s,لولا_ان_يقال_ان_ملك_مصر_عجز_عن_بناء_بناه_799af4b8_001350_45.00s.jpg,720,1280,720,2079.48,124.08,49.92,1.78,REVIEW,Short side 720px < 1024px (eligible for framing upscale)
001365_45.50s,لولا_ان_يقال_ان_ملك_مصر_عجز_عن_بناء_بناه_799af4b8_001365_45.50s.jpg,720,1280,720,1195.69,125.59,49.13,1.78,REVIEW,Short side 720px < 1024px (eligible for framing upscale)
001380_46.00s,لولا_ان_يقال_ان_ملك_مصر_عجز_عن_بناء_بناه_799af4b8_001380_46.00s.jpg,720,1280,720,1396.28,125.27,49.12,1.78,REVIEW,Short side 720px < 1024px (eligible for framing upscale)
001395_46.50s,لولا_ان_يقال_ان_ملك_مصر_عجز_عن_بناء_بناه_799af4b8_001395_46.50s.jpg,720,1280,720,1256.23,126.13,48.86,1.78,REVIEW,Short side 720px < 1024px (eligible for framing upscale)
001410_47.00s,لولا_ان_يقال_ان_ملك_مصر_عجز_عن_بناء_بناه_799af4b8_001410_47.00s.jpg,720,1280,720,1592.4,124.1,49.35,1.78,REVIEW,Short side 720px < 1024px (eligible for framing upscale)
001425_47.50s,لولا_ان_يقال_ان_ملك_مصر_عجز_عن_بناء_بناه_799af4b8_001425_47.50s.jpg,720,1280,720,764.75,127.01,49.15,1.78,REVIEW,Short side 720px < 1024px (eligible for framing upscale)
001440_48.00s,لولا_ان_يقال_ان_ملك_مصر_عجز_عن_بناء_بناه_799af4b8_001440_48.00s.jpg,720,1280,720,1466.84,126.11,49.61,1.78,REVIEW,Short side 720px < 1024px (eligible for framing upscale)
001455_48.50s,لولا_ان_يقال_ان_ملك_مصر_عجز_عن_بناء_بناه_799af4b8_001455_48.50s.jpg,720,1280,720,506.42,127.07,47.92,1.78,REVIEW,Short side 720px < 1024px (eligible for framing upscale)
000000_0.00s,مسجد_السلطان_حسن_واحد_من_أعظم_التحف_المع_1219b3c7_000000_0.00s.jpg,720,1280,720,322.01,112.04,47.07,1.78,REVIEW,Short side 720px < 1024px (eligible for framing upscale)
000015_0.50s,مسجد_السلطان_حسن_واحد_من_أعظم_التحف_المع_1219b3c7_000015_0.50s.jpg,720,1280,720,259.12,118.31,45.9,1.78,REVIEW,Short side 720px < 1024px (eligible for framing upscale)
000030_1.00s,مسجد_السلطان_حسن_واحد_من_أعظم_التحف_المع_1219b3c7_000030_1.00s.jpg,720,1280,720,315.36,123.74,48.58,1.78,REVIEW,Short side 720px < 1024px (eligible for framing upscale)
000045_1.50s,مسجد_السلطان_حسن_واحد_من_أعظم_التحف_المع_1219b3c7_000045_1.50s.jpg,720,1280,720,330.75,127.06,50.61,1.78,REVIEW,Short side 720px < 1024px (eligible for framing upscale)
000060_2.00s,مسجد_السلطان_حسن_واحد_من_أعظم_التحف_المع_1219b3c7_000060_2.00s.jpg,720,1280,720,419.22,126.7,51.45,1.78,REVIEW,Short side 720px < 1024px (eligible for framing upscale)
000075_2.50s,مسجد_السلطان_حسن_واحد_من_أعظم_التحف_المع_1219b3c7_000075_2.50s.jpg,720,1280,720,341.4,127.67,51.81,1.78,REVIEW,Short side 720px < 1024px (eligible for framing upscale)
000090_3.00s,مسجد_السلطان_حسن_واحد_من_أعظم_التحف_المع_1219b3c7_000090_3.00s.jpg,720,1280,720,358.95,126.89,51.77,1.78,REVIEW,Short side 720px < 1024px (eligible for framing upscale)
000105_3.50s,مسجد_السلطان_حسن_واحد_من_أعظم_التحف_المع_1219b3c7_000105_3.50s.jpg,720,1280,720,325.9,126.64,51.48,1.78,REVIEW,Short side 720px < 1024px (eligible for framing upscale)
000120_4.00s,مسجد_السلطان_حسن_واحد_من_أعظم_التحف_المع_1219b3c7_000120_4.00s.jpg,720,1280,720,334.76,95.74,53.51,1.78,REVIEW,Short side 720px < 1024px (eligible for framing upscale)
000135_4.50s,مسجد_السلطان_حسن_واحد_من_أعظم_التحف_المع_1219b3c7_000135_4.50s.jpg,720,1280,720,289.37,95.1,54.27,1.78,REVIEW,Short side 720px < 1024px (eligible for framing upscale)
000150_5.00s,مسجد_السلطان_حسن_واحد_من_أعظم_التحف_المع_1219b3c7_000150_5.00s.jpg,720,1280,720,380.28,94.82,54.92,1.78,REVIEW,Short side 720px < 1024px (eligible for framing upscale)
000165_5.50s,مسجد_السلطان_حسن_واحد_من_أعظم_التحف_المع_1219b3c7_000165_5.50s.jpg,720,1280,720,295.28,94.02,55.47,1.78,REVIEW,Short side 720px < 1024px (eligible for framing upscale)
000180_6.00s,مسجد_السلطان_حسن_واحد_من_أعظم_التحف_المع_1219b3c7_000180_6.00s.jpg,720,1280,720,311.07,93.45,56.5,1.78,REVIEW,Short side 720px < 1024px (eligible for framing upscale)
000195_6.50s,مسجد_السلطان_حسن_واحد_من_أعظم_التحف_المع_1219b3c7_000195_6.50s.jpg,720,1280,720,232.85,117.43,50.16,1.78,REVIEW,Short side 720px < 1024px (eligible for framing upscale)
000210_7.00s,مسجد_السلطان_حسن_واحد_من_أعظم_التحف_المع_1219b3c7_000210_7.00s.jpg,720,1280,720,267.37,115.23,51.26,1.78,REVIEW,Short side 720px < 1024px (eligible for framing upscale)
000225_7.50s,مسجد_السلطان_حسن_واحد_من_أعظم_التحف_المع_1219b3c7_000225_7.50s.jpg,720,1280,720,188.37,115.55,50.19,1.78,REVIEW,Short side 720px < 1024px (eligible for framing upscale)
000240_8.00s,مسجد_السلطان_حسن_واحد_من_أعظم_التحف_المع_1219b3c7_000240_8.00s.jpg,720,1280,720,203.26,116.68,48.86,1.78,REVIEW,Short side 720px < 1024px (eligible for framing upscale)
000255_8.50s,مسجد_السلطان_حسن_واحد_من_أعظم_التحف_المع_1219b3c7_000255_8.50s.jpg,720,1280,720,187.17,115.97,48.33,1.78,REVIEW,Short side 720px < 1024px (eligible for framing upscale)
000270_9.00s,مسجد_السلطان_حسن_واحد_من_أعظم_التحف_المع_1219b3c7_000270_9.00s.jpg,720,1280,720,397.04,123.31,67.65,1.78,REVIEW,Short side 720px < 1024px (eligible for framing upscale)
000285_9.50s,مسجد_السلطان_حسن_واحد_من_أعظم_التحف_المع_1219b3c7_000285_9.50s.jpg,720,1280,720,321.19,122.5,66.84,1.78,REVIEW,Short side 720px < 1024px (eligible for framing upscale)
000300_10.00s,مسجد_السلطان_حسن_واحد_من_أعظم_التحف_المع_1219b3c7_000300_10.00s.jpg,720,1280,720,496.9,120.19,66.17,1.78,REVIEW,Short side 720px < 1024px (eligible for framing upscale)
000315_10.50s,مسجد_السلطان_حسن_واحد_من_أعظم_التحف_المع_1219b3c7_000315_10.50s.jpg,720,1280,720,339.96,118.14,64.71,1.78,REVIEW,Short side 720px < 1024px (eligible for framing upscale)
000330_11.00s,مسجد_السلطان_حسن_واحد_من_أعظم_التحف_المع_1219b3c7_000330_11.00s.jpg,720,1280,720,327.2,115.49,62.83,1.78,REVIEW,Short side 720px < 1024px (eligible for framing upscale)
000345_11.50s,مسجد_السلطان_حسن_واحد_من_أعظم_التحف_المع_1219b3c7_000345_11.50s.jpg,720,1280,720,327.35,113.34,61.92,1.78,REVIEW,Short side 720px < 1024px (eligible for framing upscale)
000360_12.00s,مسجد_السلطان_حسن_واحد_من_أعظم_التحف_المع_1219b3c7_000360_12.00s.jpg,720,1280,720,352.1,93.32,50.45,1.78,REVIEW,Short side 720px < 1024px (eligible for framing upscale)
000375_12.50s,مسجد_السلطان_حسن_واحد_من_أعظم_التحف_المع_1219b3c7_000375_12.50s.jpg,720,1280,720,258.85,93.94,50.39,1.78,REVIEW,Short side 720px < 1024px (eligible for framing upscale)
000390_13.00s,مسجد_السلطان_حسن_واحد_من_أعظم_التحف_المع_1219b3c7_000390_13.00s.jpg,720,1280,720,273.6,94.1,50.69,1.78,REVIEW,Short side 720px < 1024px (eligible for framing upscale)
000405_13.50s,مسجد_السلطان_حسن_واحد_من_أعظم_التحف_المع_1219b3c7_000405_13.50s.jpg,720,1280,720,257.71,94.29,50.85,1.78,REVIEW,Short side 720px < 1024px (eligible for framing upscale)
000420_14.00s,مسجد_السلطان_حسن_واحد_من_أعظم_التحف_المع_1219b3c7_000420_14.00s.jpg,720,1280,720,332.71,93.72,51.16,1.78,REVIEW,Short side 720px < 1024px (eligible for framing upscale)
000435_14.50s,مسجد_السلطان_حسن_واحد_من_أعظم_التحف_المع_1219b3c7_000435_14.50s.jpg,720,1280,720,260.09,93.95,50.96,1.78,REVIEW,Short side 720px < 1024px (eligible for framing upscale)
000450_15.00s,مسجد_السلطان_حسن_واحد_من_أعظم_التحف_المع_1219b3c7_000450_15.00s.jpg,720,1280,720,337.95,88.42,57.95,1.78,REVIEW,Short side 720px < 1024px (eligible for framing upscale)
000465_15.50s,مسجد_السلطان_حسن_واحد_من_أعظم_التحف_المع_1219b3c7_000465_15.50s.jpg,720,1280,720,275.48,87.41,58.41,1.78,REVIEW,Short side 720px < 1024px (eligible for framing upscale)
000480_16.00s,مسجد_السلطان_حسن_واحد_من_أعظم_التحف_المع_1219b3c7_000480_16.00s.jpg,720,1280,720,288.43,89.79,58.38,1.78,REVIEW,Short side 720px < 1024px (eligible for framing upscale)
000495_16.50s,مسجد_السلطان_حسن_واحد_من_أعظم_التحف_المع_1219b3c7_000495_16.50s.jpg,720,1280,720,275.59,88.89,58.29,1.78,REVIEW,Short side 720px < 1024px (eligible for framing upscale)
000510_17.00s,مسجد_السلطان_حسن_واحد_من_أعظم_التحف_المع_1219b3c7_000510_17.00s.jpg,720,1280,720,299.65,87.33,58.99,1.78,REVIEW,Short side 720px < 1024px (eligible for framing upscale)
000525_17.50s,مسجد_السلطان_حسن_واحد_من_أعظم_التحف_المع_1219b3c7_000525_17.50s.jpg,720,1280,720,231.96,90.9,58.88,1.78,REVIEW,Short side 720px < 1024px (eligible for framing upscale)
000540_18.00s,مسجد_السلطان_حسن_واحد_من_أعظم_التحف_المع_1219b3c7_000540_18.00s.jpg,720,1280,720,56.95,24.57,48.16,1.78,REVIEW,Short side 720px < 1024px (eligible for framing upscale); Borderline blur (score: 56.95 < 100.0); Borderline low brightness (24.57 < 30.0)
000555_18.50s,مسجد_السلطان_حسن_واحد_من_أعظم_التحف_المع_1219b3c7_000555_18.50s.jpg,720,1280,720,56.94,25.52,49.76,1.78,REVIEW,Short side 720px < 1024px (eligible for framing upscale); Borderline blur (score: 56.94 < 100.0); Borderline low brightness (25.52 < 30.0)
000570_19.00s,مسجد_السلطان_حسن_واحد_من_أعظم_التحف_المع_1219b3c7_000570_19.00s.jpg,720,1280,720,68.51,26.55,51.52,1.78,REVIEW,Short side 720px < 1024px (eligible for framing upscale); Borderline blur (score: 68.51 < 100.0); Borderline low brightness (26.55 < 30.0)
000585_19.50s,مسجد_السلطان_حسن_واحد_من_أعظم_التحف_المع_1219b3c7_000585_19.50s.jpg,720,1280,720,64.09,27.95,53.77,1.78,REVIEW,Short side 720px < 1024px (eligible for framing upscale); Borderline blur (score: 64.09 < 100.0); Borderline low brightness (27.95 < 30.0)
000600_20.00s,مسجد_السلطان_حسن_واحد_من_أعظم_التحف_المع_1219b3c7_000600_20.00s.jpg,720,1280,720,86.85,30.3,57.19,1.78,REVIEW,Short side 720px < 1024px (eligible for framing upscale); Borderline blur (score: 86.85 < 100.0)
000615_20.50s,مسجد_السلطان_حسن_واحد_من_أعظم_التحف_المع_1219b3c7_000615_20.50s.jpg,720,1280,720,81.19,33.57,60.81,1.78,REVIEW,Short side 720px < 1024px (eligible for framing upscale); Borderline blur (score: 81.19 < 100.0)
000630_21.00s,مسجد_السلطان_حسن_واحد_من_أعظم_التحف_المع_1219b3c7_000630_21.00s.jpg,720,1280,720,87.29,35.45,63.39,1.78,REVIEW,Short side 720px < 1024px (eligible for framing upscale); Borderline blur (score: 87.29 < 100.0)
000645_21.50s,مسجد_السلطان_حسن_واحد_من_أعظم_التحف_المع_1219b3c7_000645_21.50s.jpg,720,1280,720,116.54,68.38,43.42,1.78,REVIEW,Short side 720px < 1024px (eligible for framing upscale)
000660_22.00s,مسجد_السلطان_حسن_واحد_من_أعظم_التحف_المع_1219b3c7_000660_22.00s.jpg,720,1280,720,148.19,67.88,44.15,1.78,REVIEW,Short side 720px < 1024px (eligible for framing upscale)
000675_22.50s,مسجد_السلطان_حسن_واحد_من_أعظم_التحف_المع_1219b3c7_000675_22.50s.jpg,720,1280,720,93.82,67.81,44.75,1.78,REVIEW,Short side 720px < 1024px (eligible for framing upscale); Borderline blur (score: 93.82 < 100.0)
000690_23.00s,مسجد_السلطان_حسن_واحد_من_أعظم_التحف_المع_1219b3c7_000690_23.00s.jpg,720,1280,720,134.53,66.9,46.05,1.78,REVIEW,Short side 720px < 1024px (eligible for framing upscale)
000705_23.50s,مسجد_السلطان_حسن_واحد_من_أعظم_التحف_المع_1219b3c7_000705_23.50s.jpg,720,1280,720,195.9,66.85,47.07,1.78,REVIEW,Short side 720px < 1024px (eligible for framing upscale)
000720_24.00s,مسجد_السلطان_حسن_واحد_من_أعظم_التحف_المع_1219b3c7_000720_24.00s.jpg,720,1280,720,279.76,67.21,46.16,1.78,REVIEW,Short side 720px < 1024px (eligible for framing upscale)
000735_24.50s,مسجد_السلطان_حسن_واحد_من_أعظم_التحف_المع_1219b3c7_000735_24.50s.jpg,720,1280,720,161.1,61.08,43.66,1.78,REVIEW,Short side 720px < 1024px (eligible for framing upscale)
000750_25.00s,مسجد_السلطان_حسن_واحد_من_أعظم_التحف_المع_1219b3c7_000750_25.00s.jpg,720,1280,720,896.76,131.83,55.48,1.78,REVIEW,Short side 720px < 1024px (eligible for framing upscale)
000765_25.50s,مسجد_السلطان_حسن_واحد_من_أعظم_التحف_المع_1219b3c7_000765_25.50s.jpg,720,1280,720,620.08,129.24,53.7,1.78,REVIEW,Short side 720px < 1024px (eligible for framing upscale)
000780_26.00s,مسجد_السلطان_حسن_واحد_من_أعظم_التحف_المع_1219b3c7_000780_26.00s.jpg,720,1280,720,642.8,127.29,52.2,1.78,REVIEW,Short side 720px < 1024px (eligible for framing upscale)
000795_26.50s,مسجد_السلطان_حسن_واحد_من_أعظم_التحف_المع_1219b3c7_000795_26.50s.jpg,720,1280,720,619.07,128.37,52.65,1.78,REVIEW,Short side 720px < 1024px (eligible for framing upscale)
000810_27.00s,مسجد_السلطان_حسن_واحد_من_أعظم_التحف_المع_1219b3c7_000810_27.00s.jpg,720,1280,720,675.33,130.4,54.77,1.78,REVIEW,Short side 720px < 1024px (eligible for framing upscale)
000825_27.50s,مسجد_السلطان_حسن_واحد_من_أعظم_التحف_المع_1219b3c7_000825_27.50s.jpg,720,1280,720,1214.18,126.87,48.82,1.78,REVIEW,Short side 720px < 1024px (eligible for framing upscale)
000840_28.00s,مسجد_السلطان_حسن_واحد_من_أعظم_التحف_المع_1219b3c7_000840_28.00s.jpg,720,1280,720,1052.06,131.97,48.71,1.78,REVIEW,Short side 720px < 1024px (eligible for framing upscale)
000855_28.50s,مسجد_السلطان_حسن_واحد_من_أعظم_التحف_المع_1219b3c7_000855_28.50s.jpg,720,1280,720,794.22,134.64,49.86,1.78,REVIEW,Short side 720px < 1024px (eligible for framing upscale)
000870_29.00s,مسجد_السلطان_حسن_واحد_من_أعظم_التحف_المع_1219b3c7_000870_29.00s.jpg,720,1280,720,1137.65,134.58,50.69,1.78,REVIEW,Short side 720px < 1024px (eligible for framing upscale)
000885_29.50s,مسجد_السلطان_حسن_واحد_من_أعظم_التحف_المع_1219b3c7_000885_29.50s.jpg,720,1280,720,956.04,135.87,51.21,1.78,REVIEW,Short side 720px < 1024px (eligible for framing upscale)
000900_30.00s,مسجد_السلطان_حسن_واحد_من_أعظم_التحف_المع_1219b3c7_000900_30.00s.jpg,720,1280,720,1706.44,130.63,53.99,1.78,REVIEW,Short side 720px < 1024px (eligible for framing upscale)
000915_30.50s,مسجد_السلطان_حسن_واحد_من_أعظم_التحف_المع_1219b3c7_000915_30.50s.jpg,720,1280,720,29.07,16.58,34.93,1.78,REJECT,Short side 720px < 1024px (eligible for framing upscale); Severe blur (score: 29.07 < 40.0); Borderline low brightness (16.58 < 30.0)
000930_31.00s,مسجد_السلطان_حسن_واحد_من_أعظم_التحف_المع_1219b3c7_000930_31.00s.jpg,720,1280,720,28.41,16.01,35.29,1.78,REJECT,Short side 720px < 1024px (eligible for framing upscale); Severe blur (score: 28.41 < 40.0); Borderline low brightness (16.01 < 30.0)
000945_31.50s,مسجد_السلطان_حسن_واحد_من_أعظم_التحف_المع_1219b3c7_000945_31.50s.jpg,720,1280,720,30.39,16.38,36.15,1.78,REJECT,Short side 720px < 1024px (eligible for framing upscale); Severe blur (score: 30.39 < 40.0); Borderline low brightness (16.38 < 30.0)
000960_32.00s,مسجد_السلطان_حسن_واحد_من_أعظم_التحف_المع_1219b3c7_000960_32.00s.jpg,720,1280,720,35.9,16.94,37.13,1.78,REJECT,Short side 720px < 1024px (eligible for framing upscale); Severe blur (score: 35.9 < 40.0); Borderline low brightness (16.94 < 30.0)
000975_32.50s,مسجد_السلطان_حسن_واحد_من_أعظم_التحف_المع_1219b3c7_000975_32.50s.jpg,720,1280,720,2.7,1.76,9.72,1.78,REJECT,Short side 720px < 1024px (eligible for framing upscale); Severe blur (score: 2.7 < 40.0); Extremely dark (brightness: 1.76 < 15.0); Blank / flat frame (contrast: 9.72)
000990_33.00s,مسجد_السلطان_حسن_واحد_من_أعظم_التحف_المع_1219b3c7_000990_33.00s.jpg,720,1280,720,43.68,21.84,39.14,1.78,REVIEW,Short side 720px < 1024px (eligible for framing upscale); Borderline blur (score: 43.68 < 100.0); Borderline low brightness (21.84 < 30.0)
001005_33.50s,مسجد_السلطان_حسن_واحد_من_أعظم_التحف_المع_1219b3c7_001005_33.50s.jpg,720,1280,720,35.75,20.49,37.68,1.78,REJECT,Short side 720px < 1024px (eligible for framing upscale); Severe blur (score: 35.75 < 40.0); Borderline low brightness (20.49 < 30.0)
001020_34.00s,مسجد_السلطان_حسن_واحد_من_أعظم_التحف_المع_1219b3c7_001020_34.00s.jpg,720,1280,720,46.06,19.34,37.23,1.78,REVIEW,Short side 720px < 1024px (eligible for framing upscale); Borderline blur (score: 46.06 < 100.0); Borderline low brightness (19.34 < 30.0)
001035_34.50s,مسجد_السلطان_حسن_واحد_من_أعظم_التحف_المع_1219b3c7_001035_34.50s.jpg,720,1280,720,38.99,19.05,37.14,1.78,REJECT,Short side 720px < 1024px (eligible for framing upscale); Severe blur (score: 38.99 < 40.0); Borderline low brightness (19.05 < 30.0)
001050_35.00s,مسجد_السلطان_حسن_واحد_من_أعظم_التحف_المع_1219b3c7_001050_35.00s.jpg,720,1280,720,52.02,19.29,37.64,1.78,REVIEW,Short side 720px < 1024px (eligible for framing upscale); Borderline blur (score: 52.02 < 100.0); Borderline low brightness (19.29 < 30.0)
001065_35.50s,مسجد_السلطان_حسن_واحد_من_أعظم_التحف_المع_1219b3c7_001065_35.50s.jpg,720,1280,720,37.16,20.23,38.8,1.78,REJECT,Short side 720px < 1024px (eligible for framing upscale); Severe blur (score: 37.16 < 40.0); Borderline low brightness (20.23 < 30.0)
001080_36.00s,مسجد_السلطان_حسن_واحد_من_أعظم_التحف_المع_1219b3c7_001080_36.00s.jpg,720,1280,720,38.86,19.0,39.19,1.78,REJECT,Short side 720px < 1024px (eligible for framing upscale); Severe blur (score: 38.86 < 40.0); Borderline low brightness (19.0 < 30.0)
001095_36.50s,مسجد_السلطان_حسن_واحد_من_أعظم_التحف_المع_1219b3c7_001095_36.50s.jpg,720,1280,720,535.44,134.2,53.46,1.78,REVIEW,Short side 720px < 1024px (eligible for framing upscale)
001110_37.00s,مسجد_السلطان_حسن_واحد_من_أعظم_التحف_المع_1219b3c7_001110_37.00s.jpg,720,1280,720,666.91,132.63,53.22,1.78,REVIEW,Short side 720px < 1024px (eligible for framing upscale)
001125_37.50s,مسجد_السلطان_حسن_واحد_من_أعظم_التحف_المع_1219b3c7_001125_37.50s.jpg,720,1280,720,555.03,132.59,53.29,1.78,REVIEW,Short side 720px < 1024px (eligible for framing upscale)
001140_38.00s,مسجد_السلطان_حسن_واحد_من_أعظم_التحف_المع_1219b3c7_001140_38.00s.jpg,720,1280,720,564.47,132.42,53.77,1.78,REVIEW,Short side 720px < 1024px (eligible for framing upscale)
001155_38.50s,مسجد_السلطان_حسن_واحد_من_أعظم_التحف_المع_1219b3c7_001155_38.50s.jpg,720,1280,720,593.41,131.28,53.5,1.78,REVIEW,Short side 720px < 1024px (eligible for framing upscale)
001170_39.00s,مسجد_السلطان_حسن_واحد_من_أعظم_التحف_المع_1219b3c7_001170_39.00s.jpg,720,1280,720,701.2,129.16,53.12,1.78,REVIEW,Short side 720px < 1024px (eligible for framing upscale)
001185_39.50s,مسجد_السلطان_حسن_واحد_من_أعظم_التحف_المع_1219b3c7_001185_39.50s.jpg,720,1280,720,578.35,128.56,52.34,1.78,REVIEW,Short side 720px < 1024px (eligible for framing upscale)
001200_40.00s,مسجد_السلطان_حسن_واحد_من_أعظم_التحف_المع_1219b3c7_001200_40.00s.jpg,720,1280,720,835.93,127.49,52.22,1.78,REVIEW,Short side 720px < 1024px (eligible for framing upscale)
001215_40.50s,مسجد_السلطان_حسن_واحد_من_أعظم_التحف_المع_1219b3c7_001215_40.50s.jpg,720,1280,720,574.02,126.44,51.16,1.78,REVIEW,Short side 720px < 1024px (eligible for framing upscale)
001230_41.00s,مسجد_السلطان_حسن_واحد_من_أعظم_التحف_المع_1219b3c7_001230_41.00s.jpg,720,1280,720,595.98,124.66,50.1,1.78,REVIEW,Short side 720px < 1024px (eligible for framing upscale)
001245_41.50s,مسجد_السلطان_حسن_واحد_من_أعظم_التحف_المع_1219b3c7_001245_41.50s.jpg,720,1280,720,545.87,123.33,48.91,1.78,REVIEW,Short side 720px < 1024px (eligible for framing upscale)
001260_42.00s,مسجد_السلطان_حسن_واحد_من_أعظم_التحف_المع_1219b3c7_001260_42.00s.jpg,720,1280,720,173.85,74.9,53.46,1.78,REVIEW,Short side 720px < 1024px (eligible for framing upscale)
001275_42.50s,مسجد_السلطان_حسن_واحد_من_أعظم_التحف_المع_1219b3c7_001275_42.50s.jpg,720,1280,720,149.36,76.81,52.8,1.78,REVIEW,Short side 720px < 1024px (eligible for framing upscale)
001290_43.00s,مسجد_السلطان_حسن_واحد_من_أعظم_التحف_المع_1219b3c7_001290_43.00s.jpg,720,1280,720,166.14,74.96,53.84,1.78,REVIEW,Short side 720px < 1024px (eligible for framing upscale)
001305_43.50s,مسجد_السلطان_حسن_واحد_من_أعظم_التحف_المع_1219b3c7_001305_43.50s.jpg,720,1280,720,189.34,79.4,58.16,1.78,REVIEW,Short side 720px < 1024px (eligible for framing upscale)
001320_44.00s,مسجد_السلطان_حسن_واحد_من_أعظم_التحف_المع_1219b3c7_001320_44.00s.jpg,720,1280,720,272.3,81.69,60.79,1.78,REVIEW,Short side 720px < 1024px (eligible for framing upscale)
001335_44.50s,مسجد_السلطان_حسن_واحد_من_أعظم_التحف_المع_1219b3c7_001335_44.50s.jpg,720,1280,720,234.86,77.65,59.14,1.78,REVIEW,Short side 720px < 1024px (eligible for framing upscale)
001350_45.00s,مسجد_السلطان_حسن_واحد_من_أعظم_التحف_المع_1219b3c7_001350_45.00s.jpg,720,1280,720,307.33,74.98,58.79,1.78,REVIEW,Short side 720px < 1024px (eligible for framing upscale)
001365_45.50s,مسجد_السلطان_حسن_واحد_من_أعظم_التحف_المع_1219b3c7_001365_45.50s.jpg,720,1280,720,216.31,73.58,57.33,1.78,REVIEW,Short side 720px < 1024px (eligible for framing upscale)
001380_46.00s,مسجد_السلطان_حسن_واحد_من_أعظم_التحف_المع_1219b3c7_001380_46.00s.jpg,720,1280,720,211.84,71.89,56.07,1.78,REVIEW,Short side 720px < 1024px (eligible for framing upscale)
001395_46.50s,مسجد_السلطان_حسن_واحد_من_أعظم_التحف_المع_1219b3c7_001395_46.50s.jpg,720,1280,720,314.66,123.26,67.23,1.78,REVIEW,Short side 720px < 1024px (eligible for framing upscale)
001410_47.00s,مسجد_السلطان_حسن_واحد_من_أعظم_التحف_المع_1219b3c7_001410_47.00s.jpg,720,1280,720,410.99,121.42,66.73,1.78,REVIEW,Short side 720px < 1024px (eligible for framing upscale)
001425_47.50s,مسجد_السلطان_حسن_واحد_من_أعظم_التحف_المع_1219b3c7_001425_47.50s.jpg,720,1280,720,325.74,119.57,65.42,1.78,REVIEW,Short side 720px < 1024px (eligible for framing upscale)
001440_48.00s,مسجد_السلطان_حسن_واحد_من_أعظم_التحف_المع_1219b3c7_001440_48.00s.jpg,720,1280,720,332.13,116.52,63.67,1.78,REVIEW,Short side 720px < 1024px (eligible for framing upscale)
001455_48.50s,مسجد_السلطان_حسن_واحد_من_أعظم_التحف_المع_1219b3c7_001455_48.50s.jpg,720,1280,720,324.04,114.77,62.39,1.78,REVIEW,Short side 720px < 1024px (eligible for framing upscale)
001470_49.00s,مسجد_السلطان_حسن_واحد_من_أعظم_التحف_المع_1219b3c7_001470_49.00s.jpg,720,1280,720,416.55,111.79,61.78,1.78,REVIEW,Short side 720px < 1024px (eligible for framing upscale)
001485_49.50s,مسجد_السلطان_حسن_واحد_من_أعظم_التحف_المع_1219b3c7_001485_49.50s.jpg,720,1280,720,316.81,110.02,60.98,1.78,REVIEW,Short side 720px < 1024px (eligible for framing upscale)
001500_50.00s,مسجد_السلطان_حسن_واحد_من_أعظم_التحف_المع_1219b3c7_001500_50.00s.jpg,720,1280,720,463.97,108.77,60.55,1.78,REVIEW,Short side 720px < 1024px (eligible for framing upscale)
001515_50.50s,مسجد_السلطان_حسن_واحد_من_أعظم_التحف_المع_1219b3c7_001515_50.50s.jpg,720,1280,720,315.83,109.21,59.63,1.78,REVIEW,Short side 720px < 1024px (eligible for framing upscale)
001530_51.00s,مسجد_السلطان_حسن_واحد_من_أعظم_التحف_المع_1219b3c7_001530_51.00s.jpg,720,1280,720,485.77,85.44,51.02,1.78,REVIEW,Short side 720px < 1024px (eligible for framing upscale)
001545_51.50s,مسجد_السلطان_حسن_واحد_من_أعظم_التحف_المع_1219b3c7_001545_51.50s.jpg,720,1280,720,449.57,82.47,48.87,1.78,REVIEW,Short side 720px < 1024px (eligible for framing upscale)
001560_52.00s,مسجد_السلطان_حسن_واحد_من_أعظم_التحف_المع_1219b3c7_001560_52.00s.jpg,720,1280,720,602.09,79.26,48.73,1.78,REVIEW,Short side 720px < 1024px (eligible for framing upscale)
001575_52.50s,مسجد_السلطان_حسن_واحد_من_أعظم_التحف_المع_1219b3c7_001575_52.50s.jpg,720,1280,720,510.85,76.39,49.59,1.78,REVIEW,Short side 720px < 1024px (eligible for framing upscale)
001590_53.00s,مسجد_السلطان_حسن_واحد_من_أعظم_التحف_المع_1219b3c7_001590_53.00s.jpg,720,1280,720,527.23,76.37,49.96,1.78,REVIEW,Short side 720px < 1024px (eligible for framing upscale)
001605_53.50s,مسجد_السلطان_حسن_واحد_من_أعظم_التحف_المع_1219b3c7_001605_53.50s.jpg,720,1280,720,478.87,77.04,49.86,1.78,REVIEW,Short side 720px < 1024px (eligible for framing upscale)
001620_54.00s,مسجد_السلطان_حسن_واحد_من_أعظم_التحف_المع_1219b3c7_001620_54.00s.jpg,720,1280,720,554.81,77.1,49.39,1.78,REVIEW,Short side 720px < 1024px (eligible for framing upscale)
001635_54.50s,مسجد_السلطان_حسن_واحد_من_أعظم_التحف_المع_1219b3c7_001635_54.50s.jpg,720,1280,720,466.16,79.78,49.8,1.78,REVIEW,Short side 720px < 1024px (eligible for framing upscale)
001650_55.00s,مسجد_السلطان_حسن_واحد_من_أعظم_التحف_المع_1219b3c7_001650_55.00s.jpg,720,1280,720,637.61,79.37,48.9,1.78,REVIEW,Short side 720px < 1024px (eligible for framing upscale)
001665_55.50s,مسجد_السلطان_حسن_واحد_من_أعظم_التحف_المع_1219b3c7_001665_55.50s.jpg,720,1280,720,372.5,80.73,47.83,1.78,REVIEW,Short side 720px < 1024px (eligible for framing upscale)
001680_56.00s,مسجد_السلطان_حسن_واحد_من_أعظم_التحف_المع_1219b3c7_001680_56.00s.jpg,720,1280,720,366.33,83.38,47.49,1.78,REVIEW,Short side 720px < 1024px (eligible for framing upscale)
001695_56.50s,مسجد_السلطان_حسن_واحد_من_أعظم_التحف_المع_1219b3c7_001695_56.50s.jpg,720,1280,720,46.99,115.29,57.89,1.78,REVIEW,Short side 720px < 1024px (eligible for framing upscale); Borderline blur (score: 46.99 < 100.0)
001710_57.00s,مسجد_السلطان_حسن_واحد_من_أعظم_التحف_المع_1219b3c7_001710_57.00s.jpg,720,1280,720,48.05,116.57,59.7,1.78,REVIEW,Short side 720px < 1024px (eligible for framing upscale); Borderline blur (score: 48.05 < 100.0)
001725_57.50s,مسجد_السلطان_حسن_واحد_من_أعظم_التحف_المع_1219b3c7_001725_57.50s.jpg,720,1280,720,81.59,42.88,55.48,1.78,REVIEW,Short side 720px < 1024px (eligible for framing upscale); Borderline blur (score: 81.59 < 100.0)
001740_58.00s,مسجد_السلطان_حسن_واحد_من_أعظم_التحف_المع_1219b3c7_001740_58.00s.jpg,720,1280,720,88.67,43.89,55.94,1.78,REVIEW,Short side 720px < 1024px (eligible for framing upscale); Borderline blur (score: 88.67 < 100.0)
001755_58.50s,مسجد_السلطان_حسن_واحد_من_أعظم_التحف_المع_1219b3c7_001755_58.50s.jpg,720,1280,720,92.47,46.19,59.06,1.78,REVIEW,Short side 720px < 1024px (eligible for framing upscale); Borderline blur (score: 92.47 < 100.0)
001770_59.00s,مسجد_السلطان_حسن_واحد_من_أعظم_التحف_المع_1219b3c7_001770_59.00s.jpg,720,1280,720,96.29,43.59,57.47,1.78,REVIEW,Short side 720px < 1024px (eligible for framing upscale); Borderline blur (score: 96.29 < 100.0)
001785_59.50s,مسجد_السلطان_حسن_واحد_من_أعظم_التحف_المع_1219b3c7_001785_59.50s.jpg,720,1280,720,159.13,77.08,41.89,1.78,REVIEW,Short side 720px < 1024px (eligible for framing upscale)
001800_60.00s,مسجد_السلطان_حسن_واحد_من_أعظم_التحف_المع_1219b3c7_001800_60.00s.jpg,720,1280,720,226.45,77.61,41.74,1.78,REVIEW,Short side 720px < 1024px (eligible for framing upscale)
001815_60.50s,مسجد_السلطان_حسن_واحد_من_أعظم_التحف_المع_1219b3c7_001815_60.50s.jpg,720,1280,720,139.54,79.88,41.12,1.78,REVIEW,Short side 720px < 1024px (eligible for framing upscale)
001830_61.00s,مسجد_السلطان_حسن_واحد_من_أعظم_التحف_المع_1219b3c7_001830_61.00s.jpg,720,1280,720,138.95,80.36,40.34,1.78,REVIEW,Short side 720px < 1024px (eligible for framing upscale)
001845_61.50s,مسجد_السلطان_حسن_واحد_من_أعظم_التحف_المع_1219b3c7_001845_61.50s.jpg,720,1280,720,122.58,80.25,39.41,1.78,REVIEW,Short side 720px < 1024px (eligible for framing upscale)
001860_62.00s,مسجد_السلطان_حسن_واحد_من_أعظم_التحف_المع_1219b3c7_001860_62.00s.jpg,720,1280,720,2405.21,110.52,58.31,1.78,REVIEW,Short side 720px < 1024px (eligible for framing upscale)
001875_62.50s,مسجد_السلطان_حسن_واحد_من_أعظم_التحف_المع_1219b3c7_001875_62.50s.jpg,720,1280,720,1890.27,111.47,58.13,1.78,REVIEW,Short side 720px < 1024px (eligible for framing upscale)
001890_63.00s,مسجد_السلطان_حسن_واحد_من_أعظم_التحف_المع_1219b3c7_001890_63.00s.jpg,720,1280,720,1857.16,112.77,57.47,1.78,REVIEW,Short side 720px < 1024px (eligible for framing upscale)
001905_63.50s,مسجد_السلطان_حسن_واحد_من_أعظم_التحف_المع_1219b3c7_001905_63.50s.jpg,720,1280,720,2051.42,113.88,56.82,1.78,REVIEW,Short side 720px < 1024px (eligible for framing upscale)
001920_64.00s,مسجد_السلطان_حسن_واحد_من_أعظم_التحف_المع_1219b3c7_001920_64.00s.jpg,720,1280,720,2595.35,114.39,56.39,1.78,REVIEW,Short side 720px < 1024px (eligible for framing upscale)
001935_64.50s,مسجد_السلطان_حسن_واحد_من_أعظم_التحف_المع_1219b3c7_001935_64.50s.jpg,720,1280,720,2128.26,116.13,54.83,1.78,REVIEW,Short side 720px < 1024px (eligible for framing upscale)
001950_65.00s,مسجد_السلطان_حسن_واحد_من_أعظم_التحف_المع_1219b3c7_001950_65.00s.jpg,720,1280,720,3417.54,116.39,54.17,1.78,REVIEW,Short side 720px < 1024px (eligible for framing upscale)
001965_65.50s,مسجد_السلطان_حسن_واحد_من_أعظم_التحف_المع_1219b3c7_001965_65.50s.jpg,720,1280,720,2278.86,117.73,52.04,1.78,REVIEW,Short side 720px < 1024px (eligible for framing upscale)
001980_66.00s,مسجد_السلطان_حسن_واحد_من_أعظم_التحف_المع_1219b3c7_001980_66.00s.jpg,720,1280,720,186.21,85.45,46.7,1.78,REVIEW,Short side 720px < 1024px (eligible for framing upscale)
001995_66.50s,مسجد_السلطان_حسن_واحد_من_أعظم_التحف_المع_1219b3c7_001995_66.50s.jpg,720,1280,720,197.74,86.18,46.3,1.78,REVIEW,Short side 720px < 1024px (eligible for framing upscale)
002010_67.00s,مسجد_السلطان_حسن_واحد_من_أعظم_التحف_المع_1219b3c7_002010_67.00s.jpg,720,1280,720,234.36,85.78,45.69,1.78,REVIEW,Short side 720px < 1024px (eligible for framing upscale)
002025_67.50s,مسجد_السلطان_حسن_واحد_من_أعظم_التحف_المع_1219b3c7_002025_67.50s.jpg,720,1280,720,209.22,85.56,45.59,1.78,REVIEW,Short side 720px < 1024px (eligible for framing upscale)
002040_68.00s,مسجد_السلطان_حسن_واحد_من_أعظم_التحف_المع_1219b3c7_002040_68.00s.jpg,720,1280,720,217.17,85.16,45.94,1.78,REVIEW,Short side 720px < 1024px (eligible for framing upscale)
002055_68.50s,مسجد_السلطان_حسن_واحد_من_أعظم_التحف_المع_1219b3c7_002055_68.50s.jpg,720,1280,720,335.68,79.99,36.52,1.78,REVIEW,Short side 720px < 1024px (eligible for framing upscale)
002070_69.00s,مسجد_السلطان_حسن_واحد_من_أعظم_التحف_المع_1219b3c7_002070_69.00s.jpg,720,1280,720,437.2,80.75,36.69,1.78,REVIEW,Short side 720px < 1024px (eligible for framing upscale)
002085_69.50s,مسجد_السلطان_حسن_واحد_من_أعظم_التحف_المع_1219b3c7_002085_69.50s.jpg,720,1280,720,366.59,81.44,36.65,1.78,REVIEW,Short side 720px < 1024px (eligible for framing upscale)
002100_70.00s,مسجد_السلطان_حسن_واحد_من_أعظم_التحف_المع_1219b3c7_002100_70.00s.jpg,720,1280,720,515.98,79.64,36.52,1.78,REVIEW,Short side 720px < 1024px (eligible for framing upscale)
002115_70.50s,مسجد_السلطان_حسن_واحد_من_أعظم_التحف_المع_1219b3c7_002115_70.50s.jpg,720,1280,720,26.6,73.47,33.56,1.78,REJECT,Short side 720px < 1024px (eligible for framing upscale); Severe blur (score: 26.6 < 40.0)
002130_71.00s,مسجد_السلطان_حسن_واحد_من_أعظم_التحف_المع_1219b3c7_002130_71.00s.jpg,720,1280,720,25.74,73.59,33.22,1.78,REJECT,Short side 720px < 1024px (eligible for framing upscale); Severe blur (score: 25.74 < 40.0)
002145_71.50s,مسجد_السلطان_حسن_واحد_من_أعظم_التحف_المع_1219b3c7_002145_71.50s.jpg,720,1280,720,20.29,69.62,30.79,1.78,REJECT,Short side 720px < 1024px (eligible for framing upscale); Severe blur (score: 20.29 < 40.0)
002160_72.00s,مسجد_السلطان_حسن_واحد_من_أعظم_التحف_المع_1219b3c7_002160_72.00s.jpg,720,1280,720,139.07,78.42,40.81,1.78,REVIEW,Short side 720px < 1024px (eligible for framing upscale)
002175_72.50s,مسجد_السلطان_حسن_واحد_من_أعظم_التحف_المع_1219b3c7_002175_72.50s.jpg,720,1280,720,125.0,79.38,41.11,1.78,REVIEW,Short side 720px < 1024px (eligible for framing upscale)
002190_73.00s,مسجد_السلطان_حسن_واحد_من_أعظم_التحف_المع_1219b3c7_002190_73.00s.jpg,720,1280,720,113.63,78.98,41.04,1.78,REVIEW,Short side 720px < 1024px (eligible for framing upscale)
002205_73.50s,مسجد_السلطان_حسن_واحد_من_أعظم_التحف_المع_1219b3c7_002205_73.50s.jpg,720,1280,720,79.61,79.95,40.36,1.78,REVIEW,Short side 720px < 1024px (eligible for framing upscale); Borderline blur (score: 79.61 < 100.0)
002220_74.00s,مسجد_السلطان_حسن_واحد_من_أعظم_التحف_المع_1219b3c7_002220_74.00s.jpg,720,1280,720,128.65,78.2,43.04,1.78,REVIEW,Short side 720px < 1024px (eligible for framing upscale)
002235_74.50s,مسجد_السلطان_حسن_واحد_من_أعظم_التحف_المع_1219b3c7_002235_74.50s.jpg,720,1280,720,108.59,78.95,43.3,1.78,REVIEW,Short side 720px < 1024px (eligible for framing upscale)
002250_75.00s,مسجد_السلطان_حسن_واحد_من_أعظم_التحف_المع_1219b3c7_002250_75.00s.jpg,720,1280,720,104.7,79.52,43.94,1.78,REVIEW,Short side 720px < 1024px (eligible for framing upscale)
002265_75.50s,مسجد_السلطان_حسن_واحد_من_أعظم_التحف_المع_1219b3c7_002265_75.50s.jpg,720,1280,720,115.79,70.31,34.23,1.78,REVIEW,Short side 720px < 1024px (eligible for framing upscale)
002280_76.00s,مسجد_السلطان_حسن_واحد_من_أعظم_التحف_المع_1219b3c7_002280_76.00s.jpg,720,1280,720,131.22,67.37,34.34,1.78,REVIEW,Short side 720px < 1024px (eligible for framing upscale)
002295_76.50s,مسجد_السلطان_حسن_واحد_من_أعظم_التحف_المع_1219b3c7_002295_76.50s.jpg,720,1280,720,133.74,62.84,32.26,1.78,REVIEW,Short side 720px < 1024px (eligible for framing upscale)
002310_77.00s,مسجد_السلطان_حسن_واحد_من_أعظم_التحف_المع_1219b3c7_002310_77.00s.jpg,720,1280,720,187.22,61.58,35.0,1.78,REVIEW,Short side 720px < 1024px (eligible for framing upscale)
002325_77.50s,مسجد_السلطان_حسن_واحد_من_أعظم_التحف_المع_1219b3c7_002325_77.50s.jpg,720,1280,720,165.33,60.64,35.95,1.78,REVIEW,Short side 720px < 1024px (eligible for framing upscale)
002340_78.00s,مسجد_السلطان_حسن_واحد_من_أعظم_التحف_المع_1219b3c7_002340_78.00s.jpg,720,1280,720,201.23,60.99,36.65,1.78,REVIEW,Short side 720px < 1024px (eligible for framing upscale)
002355_78.50s,مسجد_السلطان_حسن_واحد_من_أعظم_التحف_المع_1219b3c7_002355_78.50s.jpg,720,1280,720,182.37,62.52,36.92,1.78,REVIEW,Short side 720px < 1024px (eligible for framing upscale)
