cluster_id,frame_id,is_representative,cluster_size,phash
cluster_0000,000000_0.00s,True,2,bdd0948585ddeae0
cluster_0000,000015_0.50s,False,2,bdd0948585ddeae0
cluster_0001,000030_1.00s,True,1,9dd284a1fdf86862
cluster_0002,000045_1.50s,True,1,9cd3e5a8ee2b221a
cluster_0003,000060_2.00s,True,1,d5dcb227252dc9c2
cluster_0004,000075_2.50s,True,1,c1eeb53823c2eccc
cluster_0005,000090_3.00s,True,1,ebf4950a2ae5c34a
cluster_0006,000105_3.50s,True,1,cab01f68e0d71e39
cluster_0007,000120_4.00s,True,1,95e26b1a84dd6a53
cluster_0008,000135_4.50s,True,1,f886d6784b369c89
cluster_0009,000150_5.00s,True,1,c890f63d3f57c8a0
cluster_0010,000165_5.50s,True,1,c590eb1d634a94b7
cluster_0011,000000_0.00s,True,7,94844dfa3a32d755
cluster_0011,000015_0.50s,False,7,94844dfa3a32d755
cluster_0011,000030_1.00s,False,7,94844dfa3a32d755
cluster_0011,000045_1.50s,False,7,94844dfa3a32d755
cluster_0011,000060_2.00s,False,7,94844dfa3a32d755
cluster_0011,000075_2.50s,False,7,94844dfa3a32d755
cluster_0011,000090_3.00s,False,7,94844dfa3a32d755
cluster_0012,000105_3.50s,True,2,9494d9f832329757
cluster_0012,000120_4.00s,False,2,9494d9f832329757
cluster_0013,000135_4.50s,True,7,94945afa3a32b355
cluster_0013,000150_5.00s,False,7,94945afa3a32b355
cluster_0013,000165_5.50s,False,7,94945afa3a32b355
cluster_0013,000180_6.00s,False,7,94945afa3a32b355
cluster_0013,000195_6.50s,False,7,94945afa3a32b355
cluster_0013,000210_7.00s,False,7,94945afa3a32b355
cluster_0013,000240_8.00s,False,7,94945afa3a32b355
cluster_0014,000225_7.50s,True,7,b594c8f83aa2b355
cluster_0014,000255_8.50s,False,7,b594c8f83aa2b355
cluster_0014,000330_11.00s,False,7,b594c8f83aa2b355
cluster_0014,000345_11.50s,False,7,b594c8f83aa2b355
cluster_0014,000360_12.00s,False,7,b594c8f83aa2b355
cluster_0014,000375_12.50s,False,7,b594c8f83aa2b355
cluster_0014,000390_13.00s,False,7,b594c8f83aa2b355
cluster_0015,000270_9.00s,True,3,b494cab83eb2b253
cluster_0015,000285_9.50s,False,3,b494cab83eb2b253
cluster_0015,000300_10.00s,False,3,b494cab83eb2b253
cluster_0016,000315_10.50s,True,3,b594da983aa33333
cluster_0016,000435_14.50s,False,3,b594da983aa33333
cluster_0016,000450_15.00s,False,3,b594da983aa33333
cluster_0017,000405_13.50s,True,2,b5b4cac838a2b373
cluster_0017,000420_14.00s,False,2,b5b4cac838a2b373
cluster_0018,000465_15.50s,True,1,b5b4d21838a33757
cluster_0019,000480_16.00s,True,1,b5b0cab079b56361
cluster_0020,000495_16.50s,True,2,bd98c8b5d85462ab
cluster_0020,000510_17.00s,False,2,bd98c8b5d85462ab
cluster_0021,000525_17.50s,True,2,bd9accb1d24560b3
cluster_0021,000540_18.00s,False,2,bd9accb1d24560b3
cluster_0022,000555_18.50s,False,2,ae97d8e0968870f6
cluster_0022,000570_19.00s,True,2,ae97d8e0968870f6
cluster_0023,000585_19.50s,True,1,ae97d9e0868870f6
cluster_0024,000600_20.00s,True,1,b5caf5904e3ec8c4
cluster_0025,000615_20.50s,True,1,b5caf5824d38cacc
cluster_0026,000630_21.00s,True,1,bfc2f4835c3c8ac8
cluster_0027,000645_21.50s,True,1,aad6e0971c6d9ac8
cluster_0028,000000_0.00s,True,1,efb8f7814b7882a0
cluster_0029,000015_0.50s,True,1,eab0ef037e312589
cluster_0030,000030_1.00s,True,1,d1f1ee0e702e2393
cluster_0031,000045_1.50s,True,1,96e3fc1d712c2296
cluster_0032,000060_2.00s,True,1,8ce6d91f730924b6
cluster_0033,000075_2.50s,True,1,8de4b91e4243adad
cluster_0034,000090_3.00s,True,1,9bc0b2bd4416abab
cluster_0035,000105_3.50s,True,1,9ac0b0bd451fbbc2
cluster_0036,000120_4.00s,True,1,9fc1b6aa683a2d54
cluster_0037,000135_4.50s,True,1,97c9b4ca6d1a2da2
cluster_0038,000150_5.00s,True,1,96cbb5c9761a2d03
cluster_0039,000165_5.50s,True,1,a09cf73dc8e186c3
cluster_0040,000180_6.00s,True,1,a594fe2789438e4b
cluster_0041,000195_6.50s,True,1,85e2f866cd4b5c4a
cluster_0042,000210_7.00s,True,1,94e2c876ddc27ec0
cluster_0043,000225_7.50s,True,1,9eeac0765dc03fa0
cluster_0044,000240_8.00s,True,1,bee080e07e8937b5
cluster_0045,000255_8.50s,True,1,bae080e87a9d7535
cluster_0046,000270_9.00s,True,1,f8e4433e781c7534
cluster_0047,000285_9.50s,True,1,fdc44718781a8577
cluster_0048,000300_10.00s,True,1,f4da0718a09e8fc7
cluster_0049,000315_10.50s,True,1,c99568c17a63da71
cluster_0050,000330_11.00s,True,1,e9d46ae25a61cb64
cluster_0051,000345_11.50s,True,1,e9d660d2da698d34
cluster_0052,000360_12.00s,True,1,add231d29fa49d30
cluster_0053,000375_12.50s,True,1,acda35d39d2c8e22
cluster_0054,000390_13.00s,True,1,accb37cb9c24c263
cluster_0055,000405_13.50s,True,1,a4cb35cfdc25c330
cluster_0056,000420_14.00s,True,1,e5ca75c9cc23d234
cluster_0057,000435_14.50s,True,1,e5caf78824269a3d
cluster_0058,000450_15.00s,True,1,858ae49837a2dd6d
cluster_0059,000000_0.00s,True,1,fae485125b872dd4
cluster_0060,000015_0.50s,True,2,fae4a45753a16f80
cluster_0060,000030_1.00s,False,2,fae4a45753a16f80
cluster_0061,000045_1.50s,True,1,eee4a54d41275f82
cluster_0062,000060_2.00s,True,1,ecf4b440d02757b3
cluster_0063,000075_2.50s,True,1,ecf6b440c065d3ad
cluster_0064,000090_3.00s,True,1,edf6b444b061926b
cluster_0065,000105_3.50s,True,1,edf6b255e4788448
cluster_0066,000120_4.00s,True,1,efb59a64a45ab448
cluster_0067,000135_4.50s,True,1,e2a59366a55aad58
cluster_0068,000150_5.00s,True,1,f2a99972a354aa55
cluster_0069,000165_5.50s,True,1,f0aacc51a352adf2
cluster_0070,000180_6.00s,True,1,deb8a58fa5a0a9a4
cluster_0071,000195_6.50s,True,1,cb9f7480b4b5b4e0
cluster_0072,000210_7.00s,True,1,e9871fb6b2969068
cluster_0073,000225_7.50s,True,1,a6c80b931b9b8a77
cluster_0074,000240_8.00s,True,1,b3e50898999dc973
cluster_0075,000255_8.50s,True,1,b9e2458ddc8ccc3c
cluster_0076,000270_9.00s,True,1,9ef962c74ec46c24
cluster_0077,000285_9.50s,True,1,9dbef1c2c7c72410
cluster_0078,000300_10.00s,True,1,949ff0c1c0c33f1b
cluster_0079,000315_10.50s,True,1,929d7bf0e3e0311c
cluster_0080,000330_11.00s,True,1,81823cfdf0f31e0e
cluster_0081,000345_11.50s,True,1,848d06aaf5f555c3
cluster_0082,000360_12.00s,True,1,d5aaa995565654a9
cluster_0083,000375_12.50s,True,1,d3a5b65a494a55a6
cluster_0084,000390_13.00s,True,1,ccb3bb484a4c5bb1
cluster_0085,000405_13.50s,True,1,e39c9c6a67638c98
cluster_0086,000420_14.00s,True,1,fc87a76461658587
cluster_0087,000435_14.50s,True,1,9d87623463638dcb
cluster_0088,000450_15.00s,True,1,9f92723460694deb
cluster_0089,000465_15.50s,True,1,879232b57067e54b
cluster_0090,000480_16.00s,True,2,859a7ab578616969
cluster_0090,000495_16.50s,False,2,859a7ab578616969
cluster_0091,000510_17.00s,True,1,85dc328570673b79
cluster_0092,000525_17.50s,True,1,859d978514a5b95b
cluster_0093,000540_18.00s,True,1,84ddb7851ca4bc5a
cluster_0094,000555_18.50s,True,1,c0dbab853fa03d49
cluster_0095,000570_19.00s,True,1,ce9983955fa80d69
cluster_0096,000585_19.50s,False,3,c789b1952fa6486d
cluster_0096,000600_20.00s,True,3,c789b1952fa6486d
cluster_0096,000615_20.50s,False,3,c789b1952fa6486d
cluster_0097,000630_21.00s,False,4,c69bb3952ba409e5
cluster_0097,000645_21.50s,True,4,c69bb3952ba409e5
cluster_0097,000660_22.00s,False,4,c69bb3952ba409e5
cluster_0097,000675_22.50s,False,4,c69bb3952ba409e5
cluster_0098,000690_23.00s,True,1,e7c8b19725a60ce5
cluster_0099,000705_23.50s,True,1,e3cab99125b32ce4
cluster_0100,000720_24.00s,True,1,e1cebc9174b126e2
cluster_0101,000735_24.50s,True,1,f0c59ed8329127e3
cluster_0102,000750_25.00s,True,1,fce19fcab09431e0
cluster_0103,000765_25.50s,True,1,bef280c99a9638ec
cluster_0104,000780_26.00s,True,1,8bfb80c48b8b3ee4
cluster_0105,000795_26.50s,True,1,89bd82e685c90ff2
cluster_0106,000810_27.00s,True,1,9c9ca7f384cc04bb
cluster_0107,000825_27.50s,True,1,8e86d570d6e606b5
cluster_0108,000840_28.00s,True,1,8391d67ae2e303b6
cluster_0109,000855_28.50s,True,1,95d0d16faaf02a93
cluster_0110,000870_29.00s,True,1,d2d8d824acbe6999
cluster_0111,000885_29.50s,True,1,cbcecc32a295aacc
cluster_0112,000900_30.00s,True,1,cceac715b1d422d6
cluster_0113,000915_30.50s,True,1,b66df83290d06bc3
cluster_0114,000930_31.00s,True,1,b32f7c72c2d44391
cluster_0115,000945_31.50s,True,1,ba2f3e72cbc64190
cluster_0116,000960_32.00s,True,1,ba253738c0c7ecd8
cluster_0117,000975_32.50s,True,1,8d22231fc0c1fecf
cluster_0118,000990_33.00s,True,1,8f30300fdfc4c6c7
cluster_0119,001005_33.50s,True,1,a7383e0740efe2e2
cluster_0120,001020_34.00s,True,1,a09e3f006fc3c3f1
cluster_0121,001035_34.50s,True,1,b88f0f2923e1e1f8
cluster_0122,001050_35.00s,True,1,bf88012520eaf8ff
cluster_0123,001065_35.50s,True,1,a9842a2135f56fb5
cluster_0124,001080_36.00s,True,1,a68d0ab53a3b3653
cluster_0125,001095_36.50s,True,1,91a2049b1fbb395b
cluster_0126,001110_37.00s,True,1,95b8ab9c158d0e6e
cluster_0127,001125_37.50s,True,1,d6ada88a5e940767
cluster_0128,001140_38.00s,True,1,cb84afa94bd22565
cluster_0129,001155_38.50s,True,1,cc93a6a469cb7274
cluster_0130,001170_39.00s,True,1,e38891a36ccc597b
cluster_0131,001185_39.50s,True,2,829d1d62fed08a75
cluster_0131,001200_40.00s,False,2,829d1d62fed08a75
cluster_0132,001215_40.50s,True,1,821b1d66fe80ae75
cluster_0133,001230_41.00s,True,2,861b3d66f8846e74
cluster_0133,001245_41.50s,False,2,861b3d66f8846e74
cluster_0134,001260_42.00s,True,2,861b3b46f882df34
cluster_0134,001275_42.50s,False,2,861b3b46f882df34
cluster_0135,001290_43.00s,True,4,851a3b65f085fa65
cluster_0135,001305_43.50s,False,4,851a3b65f085fa65
cluster_0135,001320_44.00s,False,4,851a3b65f085fa65
cluster_0135,001335_44.50s,False,4,851a3b65f085fa65
cluster_0136,001350_45.00s,True,4,8d923a6df0875a69
cluster_0136,001365_45.50s,False,4,8d923a6df0875a69
cluster_0136,001380_46.00s,False,4,8d923a6df0875a69
cluster_0136,001395_46.50s,False,4,8d923a6df0875a69
cluster_0137,001410_47.00s,True,2,8f903a0f70af5768
cluster_0137,001425_47.50s,False,2,8f903a0f70af5768
cluster_0138,001440_48.00s,True,1,8f90366f708b5569
cluster_0139,001455_48.50s,True,1,8f903e4f608e71e9
cluster_0140,000000_0.00s,True,2,b434d95979859a6a
cluster_0140,000075_2.50s,False,2,b434d95979859a6a
cluster_0141,000015_0.50s,True,4,b434d95b7ba09172
cluster_0141,000030_1.00s,False,4,b434d95b7ba09172
cluster_0141,000045_1.50s,False,4,b434d95b7ba09172
cluster_0141,000090_3.00s,False,4,b434d95b7ba09172
cluster_0142,000060_2.00s,True,2,b430db5b79891372
cluster_0142,000105_3.50s,False,2,b430db5b79891372
cluster_0143,000120_4.00s,True,2,d55c94b7038dbc29
cluster_0143,000135_4.50s,False,2,d55c94b7038dbc29
cluster_0144,000150_5.00s,True,2,d79c94b6038bbc2a
cluster_0144,000165_5.50s,False,2,d79c94b6038bbc2a
cluster_0145,000180_6.00s,True,1,d5d094f607cbac29
cluster_0146,000195_6.50s,True,1,92d2e2642df81ae7
cluster_0147,000210_7.00s,True,2,90d2e2273d589ee5
cluster_0147,000225_7.50s,False,2,90d2e2273d589ee5
cluster_0148,000240_8.00s,True,2,c8c8f7373e5c80f0
cluster_0148,000255_8.50s,False,2,c8c8f7373e5c80f0
cluster_0149,000270_9.00s,True,4,fc78816f8ac71c64
cluster_0149,000285_9.50s,False,4,fc78816f8ac71c64
cluster_0149,001395_46.50s,False,4,fc78816f8ac71c64
cluster_0149,001410_47.00s,False,4,fc78816f8ac71c64
cluster_0150,000300_10.00s,True,3,ff78806f01c51c67
cluster_0150,000315_10.50s,False,3,ff78806f01c51c67
cluster_0150,001425_47.50s,False,3,ff78806f01c51c67
cluster_0151,000330_11.00s,True,4,ff3ec02b40c51f61
cluster_0151,000345_11.50s,False,4,ff3ec02b40c51f61
cluster_0151,001440_48.00s,False,4,ff3ec02b40c51f61
cluster_0151,001455_48.50s,False,4,ff3ec02b40c51f61
cluster_0152,000360_12.00s,True,3,8db23b295dd68968
cluster_0152,000375_12.50s,False,3,8db23b295dd68968
cluster_0152,000390_13.00s,False,3,8db23b295dd68968
cluster_0153,000405_13.50s,True,3,85b2382d75d2ad69
cluster_0153,000420_14.00s,False,3,85b2382d75d2ad69
cluster_0153,000435_14.50s,False,3,85b2382d75d2ad69
cluster_0154,000450_15.00s,True,1,9196d9b611c79f21
cluster_0155,000465_15.50s,True,1,94c7dcb659c18f24
cluster_0156,000480_16.00s,True,1,9483dcb255d38d3a
cluster_0157,000495_16.50s,True,1,97c196b056ca877a
cluster_0158,000510_17.00s,True,1,d384d1b543cda669
cluster_0159,000525_17.50s,True,1,938691b443cfba69
cluster_0160,000540_18.00s,False,2,ccc63393cc4c9b99
cluster_0160,000555_18.50s,True,2,ccc63393cc4c9b99
cluster_0161,000570_19.00s,False,3,cec531b2cccd9a98
cluster_0161,000585_19.50s,False,3,cec531b2cccd9a98
cluster_0161,000600_20.00s,True,3,cec531b2cccd9a98
cluster_0162,000615_20.50s,False,2,cec93132ce65969a
cluster_0162,000630_21.00s,True,2,cec93132ce65969a
cluster_0163,000645_21.50s,True,2,dc95b1cc4c730ecc
cluster_0163,000660_22.00s,False,2,dc95b1cc4c730ecc
cluster_0164,000675_22.50s,True,1,ded0b1c6c43909cf
cluster_0165,000690_23.00s,True,1,c7d8b887e63881c7
cluster_0166,000705_23.50s,True,1,c6d8b186ee39c5c4
cluster_0167,000720_24.00s,True,1,ced1b186ae3145ce
cluster_0168,000735_24.50s,True,1,ced1b186863073cf
cluster_0169,000750_25.00s,True,1,8968fb15e44baa55
cluster_0170,000765_25.50s,True,1,8969f9066ccab764
cluster_0171,000780_26.00s,True,1,8828d3366d8b57bc
cluster_0172,000795_26.50s,True,1,a8289136ed8376bd
cluster_0173,000810_27.00s,True,1,a82c9536ed12b69d
cluster_0174,000825_27.50s,True,1,ca557d18b16c2adc
cluster_0175,000840_28.00s,True,1,da4d7cb9699c7880
cluster_0176,000855_28.50s,True,1,dd7a38fb3ce03880
cluster_0177,000870_29.00s,True,1,c97f1b3533b430d0
cluster_0178,000885_29.50s,True,1,9231b136b232b67b
cluster_0179,000900_30.00s,True,1,9232b2b29b0acf6d
cluster_0180,000990_33.00s,True,1,9cde6331c9646399
cluster_0181,001020_34.00s,True,1,98ce67b199646699
cluster_0182,001050_35.00s,True,1,9cce639198667399
cluster_0183,001095_36.50s,True,2,a527865971e62e99
cluster_0183,001110_37.00s,False,2,a527865971e62e99
cluster_0184,001125_37.50s,True,2,a527d65933a629d1
cluster_0184,001140_38.00s,False,2,a527d65933a629d1
cluster_0185,001155_38.50s,True,1,a5279719e2ae19d1
cluster_0186,001170_39.00s,True,2,a527d71982af49d2
cluster_0186,001185_39.50s,False,2,a527d71982af49d2
cluster_0187,001200_40.00s,True,1,a527d719e60dd126
cluster_0188,001215_40.50s,True,3,a5a7de18e41cd42e
cluster_0188,001230_41.00s,False,3,a5a7de18e41cd42e
cluster_0188,001245_41.50s,False,3,a5a7de18e41cd42e
cluster_0189,001260_42.00s,True,1,c098b3c26d83db37
cluster_0190,001275_42.50s,True,1,e78c98e164c1cd3b
cluster_0191,001290_43.00s,True,1,e3879ff836e0c414
cluster_0192,001305_43.50s,True,1,f0818eee31e7c616
cluster_0193,001320_44.00s,True,1,fdf082af38b0e24a
cluster_0194,001335_44.50s,True,1,d6dea1a00fbae948
cluster_0195,001350_45.00s,True,1,dbd7a4b4018b6c6c
cluster_0196,001365_45.50s,True,1,d9c1b6b7018d2e66
cluster_0197,001380_46.00s,True,1,ccc4b7b704ac2f23
cluster_0198,001470_49.00s,True,3,ff3fc02a41810fe3
cluster_0198,001485_49.50s,False,3,ff3fc02a41810fe3
cluster_0198,001500_50.00s,False,3,ff3fc02a41810fe3
cluster_0199,001515_50.50s,True,1,ef3ff038e08027e1
cluster_0200,001530_51.00s,True,1,9c32e30d4a6df332
cluster_0201,001545_51.50s,True,1,bc30e3095e2cf32e
cluster_0202,001560_52.00s,True,1,9c34e3895c68b37c
cluster_0203,001575_52.50s,True,1,9834d1a34cbba679
cluster_0204,001590_53.00s,True,1,9824d3a24df38779
cluster_0205,001605_53.50s,True,1,b82df38019c69f71
cluster_0206,001620_54.00s,True,1,b429f3c918c3bf21
cluster_0207,001635_54.50s,True,1,b43af1ca58c6fb20
cluster_0208,001650_55.00s,True,1,bc1ae1da58c7f007
cluster_0209,001665_55.50s,True,1,ac1ae1da08d5f30f
cluster_0210,001680_56.00s,True,1,ac7ae3580cdd231e
cluster_0211,001695_56.50s,True,1,97d56838d0fa2a56
cluster_0212,001710_57.00s,True,1,9ad06f3fd869111a
cluster_0213,001725_57.50s,True,1,8806f9762af67293
cluster_0214,001740_58.00s,True,1,882af976ac7672a2
cluster_0215,001755_58.50s,True,1,882af7748e747629
cluster_0216,001770_59.00s,True,1,990af364ce657629
cluster_0217,001785_59.50s,True,2,8f4fc8ceeed01249
cluster_0217,001800_60.00s,False,2,8f4fc8ceeed01249
cluster_0218,001815_60.50s,True,1,c745cfc1eed85148
cluster_0219,001830_61.00s,True,1,c040c3c8ebcd5d7e
cluster_0220,001845_61.50s,True,1,e240c0cae3ce5d6f
cluster_0221,001860_62.00s,True,2,d5d2629f25d63382
cluster_0221,001875_62.50s,False,2,d5d2629f25d63382
cluster_0222,001890_63.00s,True,1,d5d0628b27c627e6
cluster_0223,001905_63.50s,True,1,d5d1508b2bc525ed
cluster_0224,001920_64.00s,True,1,d591509a2ac72fce
cluster_0225,001935_64.50s,True,1,e09055962ad76fca
cluster_0226,001950_65.00s,True,1,c09455967cd56eca
cluster_0227,001965_65.50s,True,1,c0a7559676956e8c
cluster_0228,001980_66.00s,True,2,ed2dc6ac6c933125
cluster_0228,001995_66.50s,False,2,ed2dc6ac6c933125
cluster_0229,002010_67.00s,True,2,e92c8dac6d9231ab
cluster_0229,002025_67.50s,False,2,e92c8dac6d9231ab
cluster_0230,002040_68.00s,True,1,e8688ce9499a33bb
cluster_0231,002055_68.50s,True,3,f1688e25991e64bb
cluster_0231,002070_69.00s,False,3,f1688e25991e64bb
cluster_0231,002100_70.00s,False,3,f1688e25991e64bb
cluster_0232,002085_69.50s,True,1,f25a8e25980e6cbb
cluster_0233,002160_72.00s,True,1,b6b13f349a91c07c
cluster_0234,002175_72.50s,True,1,a7b03f7e82d0c05d
cluster_0235,002190_73.00s,True,1,b394167e89c0e1de
cluster_0236,002205_73.50s,True,1,90d11f2f8fc1e0cd
cluster_0237,002220_74.00s,True,1,d9da180581c2fdeb
cluster_0238,002235_74.50s,True,1,d9d85e0d84c22df9
cluster_0239,002250_75.00s,True,1,c8d55a0f0e962779
cluster_0240,002265_75.50s,True,1,f0c1177c3f6a9360
cluster_0241,002280_76.00s,True,1,f8d11626016b93fe
cluster_0242,002295_76.50s,True,1,fc8106f33175946e
cluster_0243,002310_77.00s,True,1,fa0103e9387eb479
cluster_0244,002325_77.50s,True,1,fa3007ef686e9213
cluster_0245,002340_78.00s,True,1,fa1804a72267b67b
cluster_0246,002355_78.50s,True,1,fe6405c3826387f3
