frame_id,local_filename,sultan_hassan_score,al_rifai_score,score_difference,semantic_label,visual_dominant,status,rationale
000000_0.00s,الله_من_مسجد_السلطان_حسن_بالقاهرة_مصر_جم_172dae5d_000000_0.00s.jpg,0.9,0.1,0.8,SULTAN_HASSAN,sultan_hassan,REVIEW,Metadata explicitly references Sultan Hassan Mosque | Sultan Hassan architectural features confirmed | Detected overlay/watermark: bottom_subtitle (edge density: 0.09)
000030_1.00s,الله_من_مسجد_السلطان_حسن_بالقاهرة_مصر_جم_172dae5d_000030_1.00s.jpg,0.9,0.1,0.8,SULTAN_HASSAN,sultan_hassan,REVIEW,Metadata explicitly references Sultan Hassan Mosque | Sultan Hassan architectural features confirmed | Detected overlay/watermark: bottom_subtitle (edge density: 0.10)
000045_1.50s,الله_من_مسجد_السلطان_حسن_بالقاهرة_مصر_جم_172dae5d_000045_1.50s.jpg,0.9,0.1,0.8,SULTAN_HASSAN,sultan_hassan,KEEP,Metadata explicitly references Sultan Hassan Mosque | Sultan Hassan architectural features confirmed
000060_2.00s,الله_من_مسجد_السلطان_حسن_بالقاهرة_مصر_جم_172dae5d_000060_2.00s.jpg,0.9,0.1,0.8,SULTAN_HASSAN,sultan_hassan,KEEP,Metadata explicitly references Sultan Hassan Mosque | Sultan Hassan architectural features confirmed
000075_2.50s,الله_من_مسجد_السلطان_حسن_بالقاهرة_مصر_جم_172dae5d_000075_2.50s.jpg,0.9,0.1,0.8,SULTAN_HASSAN,sultan_hassan,KEEP,Metadata explicitly references Sultan Hassan Mosque | Sultan Hassan architectural features confirmed
000090_3.00s,الله_من_مسجد_السلطان_حسن_بالقاهرة_مصر_جم_172dae5d_000090_3.00s.jpg,0.9,0.1,0.8,SULTAN_HASSAN,sultan_hassan,KEEP,Metadata explicitly references Sultan Hassan Mosque | Sultan Hassan architectural features confirmed
000105_3.50s,الله_من_مسجد_السلطان_حسن_بالقاهرة_مصر_جم_172dae5d_000105_3.50s.jpg,0.9,0.1,0.8,SULTAN_HASSAN,sultan_hassan,KEEP,Metadata explicitly references Sultan Hassan Mosque | Sultan Hassan architectural features confirmed
000120_4.00s,الله_من_مسجد_السلطان_حسن_بالقاهرة_مصر_جم_172dae5d_000120_4.00s.jpg,0.9,0.1,0.8,SULTAN_HASSAN,sultan_hassan,KEEP,Metadata explicitly references Sultan Hassan Mosque | Sultan Hassan architectural features confirmed
000135_4.50s,الله_من_مسجد_السلطان_حسن_بالقاهرة_مصر_جم_172dae5d_000135_4.50s.jpg,0.9,0.1,0.8,SULTAN_HASSAN,sultan_hassan,KEEP,Metadata explicitly references Sultan Hassan Mosque | Sultan Hassan architectural features confirmed
000150_5.00s,الله_من_مسجد_السلطان_حسن_بالقاهرة_مصر_جم_172dae5d_000150_5.00s.jpg,0.9,0.1,0.8,SULTAN_HASSAN,sultan_hassan,KEEP,Metadata explicitly references Sultan Hassan Mosque | Sultan Hassan architectural features confirmed
000165_5.50s,الله_من_مسجد_السلطان_حسن_بالقاهرة_مصر_جم_172dae5d_000165_5.50s.jpg,0.9,0.1,0.8,SULTAN_HASSAN,sultan_hassan,KEEP,Metadata explicitly references Sultan Hassan Mosque | Sultan Hassan architectural features confirmed
000000_0.00s,جمعه_مباركه_مسجدالسلطان_حسن_مسجد_مساجد_م_e6d3b582_000000_0.00s.jpg,0.9,0.1,0.8,SULTAN_HASSAN,sultan_hassan,KEEP,Metadata explicitly references Sultan Hassan Mosque | Sultan Hassan architectural features confirmed
000105_3.50s,جمعه_مباركه_مسجدالسلطان_حسن_مسجد_مساجد_م_e6d3b582_000105_3.50s.jpg,0.9,0.1,0.8,SULTAN_HASSAN,sultan_hassan,KEEP,Metadata explicitly references Sultan Hassan Mosque | Sultan Hassan architectural features confirmed
000135_4.50s,جمعه_مباركه_مسجدالسلطان_حسن_مسجد_مساجد_م_e6d3b582_000135_4.50s.jpg,0.9,0.1,0.8,SULTAN_HASSAN,sultan_hassan,KEEP,Metadata explicitly references Sultan Hassan Mosque | Sultan Hassan architectural features confirmed
000225_7.50s,جمعه_مباركه_مسجدالسلطان_حسن_مسجد_مساجد_م_e6d3b582_000225_7.50s.jpg,0.9,0.1,0.8,SULTAN_HASSAN,sultan_hassan,KEEP,Metadata explicitly references Sultan Hassan Mosque | Sultan Hassan architectural features confirmed
000270_9.00s,جمعه_مباركه_مسجدالسلطان_حسن_مسجد_مساجد_م_e6d3b582_000270_9.00s.jpg,0.9,0.1,0.8,SULTAN_HASSAN,sultan_hassan,KEEP,Metadata explicitly references Sultan Hassan Mosque | Sultan Hassan architectural features confirmed
000315_10.50s,جمعه_مباركه_مسجدالسلطان_حسن_مسجد_مساجد_م_e6d3b582_000315_10.50s.jpg,0.9,0.1,0.8,SULTAN_HASSAN,sultan_hassan,KEEP,Metadata explicitly references Sultan Hassan Mosque | Sultan Hassan architectural features confirmed
000405_13.50s,جمعه_مباركه_مسجدالسلطان_حسن_مسجد_مساجد_م_e6d3b582_000405_13.50s.jpg,0.9,0.1,0.8,SULTAN_HASSAN,sultan_hassan,KEEP,Metadata explicitly references Sultan Hassan Mosque | Sultan Hassan architectural features confirmed
000465_15.50s,جمعه_مباركه_مسجدالسلطان_حسن_مسجد_مساجد_م_e6d3b582_000465_15.50s.jpg,0.9,0.1,0.8,SULTAN_HASSAN,sultan_hassan,KEEP,Metadata explicitly references Sultan Hassan Mosque | Sultan Hassan architectural features confirmed
000480_16.00s,جمعه_مباركه_مسجدالسلطان_حسن_مسجد_مساجد_م_e6d3b582_000480_16.00s.jpg,0.9,0.1,0.8,SULTAN_HASSAN,sultan_hassan,KEEP,Metadata explicitly references Sultan Hassan Mosque | Sultan Hassan architectural features confirmed
000495_16.50s,جمعه_مباركه_مسجدالسلطان_حسن_مسجد_مساجد_م_e6d3b582_000495_16.50s.jpg,0.9,0.1,0.8,SULTAN_HASSAN,sultan_hassan,REVIEW,Metadata explicitly references Sultan Hassan Mosque | Sultan Hassan architectural features confirmed | Detected overlay/watermark: top_overlay (edge density: 0.09)
000525_17.50s,جمعه_مباركه_مسجدالسلطان_حسن_مسجد_مساجد_م_e6d3b582_000525_17.50s.jpg,0.9,0.1,0.8,SULTAN_HASSAN,sultan_hassan,REVIEW,Metadata explicitly references Sultan Hassan Mosque | Sultan Hassan architectural features confirmed | Detected overlay/watermark: top_overlay (edge density: 0.10)
000570_19.00s,جمعه_مباركه_مسجدالسلطان_حسن_مسجد_مساجد_م_e6d3b582_000570_19.00s.jpg,0.9,0.1,0.8,SULTAN_HASSAN,sultan_hassan,KEEP,Metadata explicitly references Sultan Hassan Mosque | Sultan Hassan architectural features confirmed
000585_19.50s,جمعه_مباركه_مسجدالسلطان_حسن_مسجد_مساجد_م_e6d3b582_000585_19.50s.jpg,0.9,0.1,0.8,SULTAN_HASSAN,sultan_hassan,KEEP,Metadata explicitly references Sultan Hassan Mosque | Sultan Hassan architectural features confirmed
000600_20.00s,جمعه_مباركه_مسجدالسلطان_حسن_مسجد_مساجد_م_e6d3b582_000600_20.00s.jpg,0.9,0.1,0.8,SULTAN_HASSAN,sultan_hassan,REVIEW,"Metadata explicitly references Sultan Hassan Mosque | Sultan Hassan architectural features confirmed | Detected overlay/watermark: top_overlay (edge density: 0.16), bottom_subtitle (edge density: 0.16)"
000615_20.50s,جمعه_مباركه_مسجدالسلطان_حسن_مسجد_مساجد_م_e6d3b582_000615_20.50s.jpg,0.9,0.1,0.8,SULTAN_HASSAN,sultan_hassan,REVIEW,"Metadata explicitly references Sultan Hassan Mosque | Sultan Hassan architectural features confirmed | Detected overlay/watermark: top_overlay (edge density: 0.16), bottom_subtitle (edge density: 0.15)"
000630_21.00s,جمعه_مباركه_مسجدالسلطان_حسن_مسجد_مساجد_م_e6d3b582_000630_21.00s.jpg,0.9,0.1,0.8,SULTAN_HASSAN,sultan_hassan,REVIEW,"Metadata explicitly references Sultan Hassan Mosque | Sultan Hassan architectural features confirmed | Detected overlay/watermark: top_overlay (edge density: 0.16), bottom_subtitle (edge density: 0.13)"
000645_21.50s,جمعه_مباركه_مسجدالسلطان_حسن_مسجد_مساجد_م_e6d3b582_000645_21.50s.jpg,0.9,0.1,0.8,SULTAN_HASSAN,sultan_hassan,REVIEW,"Metadata explicitly references Sultan Hassan Mosque | Sultan Hassan architectural features confirmed | Detected overlay/watermark: top_overlay (edge density: 0.15), bottom_subtitle (edge density: 0.13)"
000000_0.00s,في_قلب_القاهره_يقف_مسجد_السلطان_حسن_كواح_3b681b02_000000_0.00s.jpg,0.9,0.1,0.8,SULTAN_HASSAN,sultan_hassan,KEEP,Metadata explicitly references Sultan Hassan Mosque | Sultan Hassan architectural features confirmed
000015_0.50s,في_قلب_القاهره_يقف_مسجد_السلطان_حسن_كواح_3b681b02_000015_0.50s.jpg,0.9,0.1,0.8,SULTAN_HASSAN,sultan_hassan,KEEP,Metadata explicitly references Sultan Hassan Mosque | Sultan Hassan architectural features confirmed
000030_1.00s,في_قلب_القاهره_يقف_مسجد_السلطان_حسن_كواح_3b681b02_000030_1.00s.jpg,0.9,0.1,0.8,SULTAN_HASSAN,sultan_hassan,KEEP,Metadata explicitly references Sultan Hassan Mosque | Sultan Hassan architectural features confirmed
000045_1.50s,في_قلب_القاهره_يقف_مسجد_السلطان_حسن_كواح_3b681b02_000045_1.50s.jpg,0.9,0.1,0.8,SULTAN_HASSAN,sultan_hassan,KEEP,Metadata explicitly references Sultan Hassan Mosque | Sultan Hassan architectural features confirmed
000060_2.00s,في_قلب_القاهره_يقف_مسجد_السلطان_حسن_كواح_3b681b02_000060_2.00s.jpg,0.9,0.1,0.8,SULTAN_HASSAN,sultan_hassan,KEEP,Metadata explicitly references Sultan Hassan Mosque | Sultan Hassan architectural features confirmed
000075_2.50s,في_قلب_القاهره_يقف_مسجد_السلطان_حسن_كواح_3b681b02_000075_2.50s.jpg,0.9,0.1,0.8,SULTAN_HASSAN,sultan_hassan,KEEP,Metadata explicitly references Sultan Hassan Mosque | Sultan Hassan architectural features confirmed
000090_3.00s,في_قلب_القاهره_يقف_مسجد_السلطان_حسن_كواح_3b681b02_000090_3.00s.jpg,0.9,0.1,0.8,SULTAN_HASSAN,sultan_hassan,KEEP,Metadata explicitly references Sultan Hassan Mosque | Sultan Hassan architectural features confirmed
000105_3.50s,في_قلب_القاهره_يقف_مسجد_السلطان_حسن_كواح_3b681b02_000105_3.50s.jpg,0.9,0.1,0.8,SULTAN_HASSAN,sultan_hassan,KEEP,Metadata explicitly references Sultan Hassan Mosque | Sultan Hassan architectural features confirmed
000120_4.00s,في_قلب_القاهره_يقف_مسجد_السلطان_حسن_كواح_3b681b02_000120_4.00s.jpg,0.9,0.1,0.8,SULTAN_HASSAN,sultan_hassan,KEEP,Metadata explicitly references Sultan Hassan Mosque | Sultan Hassan architectural features confirmed
000135_4.50s,في_قلب_القاهره_يقف_مسجد_السلطان_حسن_كواح_3b681b02_000135_4.50s.jpg,0.9,0.1,0.8,SULTAN_HASSAN,sultan_hassan,KEEP,Metadata explicitly references Sultan Hassan Mosque | Sultan Hassan architectural features confirmed
000150_5.00s,في_قلب_القاهره_يقف_مسجد_السلطان_حسن_كواح_3b681b02_000150_5.00s.jpg,0.9,0.1,0.8,SULTAN_HASSAN,sultan_hassan,KEEP,Metadata explicitly references Sultan Hassan Mosque | Sultan Hassan architectural features confirmed
000165_5.50s,في_قلب_القاهره_يقف_مسجد_السلطان_حسن_كواح_3b681b02_000165_5.50s.jpg,0.9,0.1,0.8,SULTAN_HASSAN,sultan_hassan,KEEP,Metadata explicitly references Sultan Hassan Mosque | Sultan Hassan architectural features confirmed
000180_6.00s,في_قلب_القاهره_يقف_مسجد_السلطان_حسن_كواح_3b681b02_000180_6.00s.jpg,0.9,0.1,0.8,SULTAN_HASSAN,sultan_hassan,KEEP,Metadata explicitly references Sultan Hassan Mosque | Sultan Hassan architectural features confirmed
000195_6.50s,في_قلب_القاهره_يقف_مسجد_السلطان_حسن_كواح_3b681b02_000195_6.50s.jpg,0.9,0.1,0.8,SULTAN_HASSAN,sultan_hassan,KEEP,Metadata explicitly references Sultan Hassan Mosque | Sultan Hassan architectural features confirmed
000210_7.00s,في_قلب_القاهره_يقف_مسجد_السلطان_حسن_كواح_3b681b02_000210_7.00s.jpg,0.9,0.1,0.8,SULTAN_HASSAN,sultan_hassan,KEEP,Metadata explicitly references Sultan Hassan Mosque | Sultan Hassan architectural features confirmed
000225_7.50s,في_قلب_القاهره_يقف_مسجد_السلطان_حسن_كواح_3b681b02_000225_7.50s.jpg,0.9,0.1,0.8,SULTAN_HASSAN,sultan_hassan,KEEP,Metadata explicitly references Sultan Hassan Mosque | Sultan Hassan architectural features confirmed
000240_8.00s,في_قلب_القاهره_يقف_مسجد_السلطان_حسن_كواح_3b681b02_000240_8.00s.jpg,0.9,0.1,0.8,SULTAN_HASSAN,sultan_hassan,KEEP,Metadata explicitly references Sultan Hassan Mosque | Sultan Hassan architectural features confirmed
000255_8.50s,في_قلب_القاهره_يقف_مسجد_السلطان_حسن_كواح_3b681b02_000255_8.50s.jpg,0.9,0.1,0.8,SULTAN_HASSAN,sultan_hassan,KEEP,Metadata explicitly references Sultan Hassan Mosque | Sultan Hassan architectural features confirmed
000270_9.00s,في_قلب_القاهره_يقف_مسجد_السلطان_حسن_كواح_3b681b02_000270_9.00s.jpg,0.9,0.1,0.8,SULTAN_HASSAN,sultan_hassan,KEEP,Metadata explicitly references Sultan Hassan Mosque | Sultan Hassan architectural features confirmed
000285_9.50s,في_قلب_القاهره_يقف_مسجد_السلطان_حسن_كواح_3b681b02_000285_9.50s.jpg,0.9,0.1,0.8,SULTAN_HASSAN,sultan_hassan,KEEP,Metadata explicitly references Sultan Hassan Mosque | Sultan Hassan architectural features confirmed
000300_10.00s,في_قلب_القاهره_يقف_مسجد_السلطان_حسن_كواح_3b681b02_000300_10.00s.jpg,0.9,0.1,0.8,SULTAN_HASSAN,sultan_hassan,KEEP,Metadata explicitly references Sultan Hassan Mosque | Sultan Hassan architectural features confirmed
000315_10.50s,في_قلب_القاهره_يقف_مسجد_السلطان_حسن_كواح_3b681b02_000315_10.50s.jpg,0.9,0.1,0.8,SULTAN_HASSAN,sultan_hassan,KEEP,Metadata explicitly references Sultan Hassan Mosque | Sultan Hassan architectural features confirmed
000330_11.00s,في_قلب_القاهره_يقف_مسجد_السلطان_حسن_كواح_3b681b02_000330_11.00s.jpg,0.9,0.1,0.8,SULTAN_HASSAN,sultan_hassan,KEEP,Metadata explicitly references Sultan Hassan Mosque | Sultan Hassan architectural features confirmed
000345_11.50s,في_قلب_القاهره_يقف_مسجد_السلطان_حسن_كواح_3b681b02_000345_11.50s.jpg,0.9,0.1,0.8,SULTAN_HASSAN,sultan_hassan,KEEP,Metadata explicitly references Sultan Hassan Mosque | Sultan Hassan architectural features confirmed
000360_12.00s,في_قلب_القاهره_يقف_مسجد_السلطان_حسن_كواح_3b681b02_000360_12.00s.jpg,0.9,0.1,0.8,SULTAN_HASSAN,sultan_hassan,KEEP,Metadata explicitly references Sultan Hassan Mosque | Sultan Hassan architectural features confirmed
000375_12.50s,في_قلب_القاهره_يقف_مسجد_السلطان_حسن_كواح_3b681b02_000375_12.50s.jpg,0.9,0.1,0.8,SULTAN_HASSAN,sultan_hassan,KEEP,Metadata explicitly references Sultan Hassan Mosque | Sultan Hassan architectural features confirmed
000390_13.00s,في_قلب_القاهره_يقف_مسجد_السلطان_حسن_كواح_3b681b02_000390_13.00s.jpg,0.9,0.1,0.8,SULTAN_HASSAN,sultan_hassan,KEEP,Metadata explicitly references Sultan Hassan Mosque | Sultan Hassan architectural features confirmed
000405_13.50s,في_قلب_القاهره_يقف_مسجد_السلطان_حسن_كواح_3b681b02_000405_13.50s.jpg,0.9,0.1,0.8,SULTAN_HASSAN,sultan_hassan,KEEP,Metadata explicitly references Sultan Hassan Mosque | Sultan Hassan architectural features confirmed
000420_14.00s,في_قلب_القاهره_يقف_مسجد_السلطان_حسن_كواح_3b681b02_000420_14.00s.jpg,0.9,0.1,0.8,SULTAN_HASSAN,sultan_hassan,KEEP,Metadata explicitly references Sultan Hassan Mosque | Sultan Hassan architectural features confirmed
000435_14.50s,في_قلب_القاهره_يقف_مسجد_السلطان_حسن_كواح_3b681b02_000435_14.50s.jpg,0.9,0.1,0.8,SULTAN_HASSAN,sultan_hassan,REVIEW,Metadata explicitly references Sultan Hassan Mosque | Sultan Hassan architectural features confirmed | Detected overlay/watermark: top_overlay (edge density: 0.11)
000450_15.00s,في_قلب_القاهره_يقف_مسجد_السلطان_حسن_كواح_3b681b02_000450_15.00s.jpg,0.9,0.1,0.8,SULTAN_HASSAN,sultan_hassan,KEEP,Metadata explicitly references Sultan Hassan Mosque | Sultan Hassan architectural features confirmed
000000_0.00s,لولا_ان_يقال_ان_ملك_مصر_عجز_عن_بناء_بناه_799af4b8_000000_0.00s.jpg,0.5,0.5,0.0,MIXED,both,REVIEW,"Neutral metadata with no explicit mosque keywords | Ambiguous or mixed features between Sultan Hassan and Al-Rifa'i | Detected overlay/watermark: top_overlay (edge density: 0.12), bottom_subtitle (edge density: 0.24)"
000015_0.50s,لولا_ان_يقال_ان_ملك_مصر_عجز_عن_بناء_بناه_799af4b8_000015_0.50s.jpg,0.5,0.5,0.0,MIXED,both,REVIEW,"Neutral metadata with no explicit mosque keywords | Ambiguous or mixed features between Sultan Hassan and Al-Rifa'i | Detected overlay/watermark: top_overlay (edge density: 0.12), bottom_subtitle (edge density: 0.20)"
000045_1.50s,لولا_ان_يقال_ان_ملك_مصر_عجز_عن_بناء_بناه_799af4b8_000045_1.50s.jpg,0.5,0.5,0.0,MIXED,both,REVIEW,"Neutral metadata with no explicit mosque keywords | Ambiguous or mixed features between Sultan Hassan and Al-Rifa'i | Detected overlay/watermark: top_overlay (edge density: 0.12), bottom_subtitle (edge density: 0.20)"
000060_2.00s,لولا_ان_يقال_ان_ملك_مصر_عجز_عن_بناء_بناه_799af4b8_000060_2.00s.jpg,0.5,0.5,0.0,MIXED,both,REVIEW,"Neutral metadata with no explicit mosque keywords | Ambiguous or mixed features between Sultan Hassan and Al-Rifa'i | Detected overlay/watermark: top_overlay (edge density: 0.13), bottom_subtitle (edge density: 0.17)"
000075_2.50s,لولا_ان_يقال_ان_ملك_مصر_عجز_عن_بناء_بناه_799af4b8_000075_2.50s.jpg,0.5,0.5,0.0,MIXED,both,REVIEW,"Neutral metadata with no explicit mosque keywords | Ambiguous or mixed features between Sultan Hassan and Al-Rifa'i | Detected overlay/watermark: top_overlay (edge density: 0.13), bottom_subtitle (edge density: 0.11)"
000090_3.00s,لولا_ان_يقال_ان_ملك_مصر_عجز_عن_بناء_بناه_799af4b8_000090_3.00s.jpg,0.5,0.5,0.0,MIXED,both,REVIEW,"Neutral metadata with no explicit mosque keywords | Ambiguous or mixed features between Sultan Hassan and Al-Rifa'i | Detected overlay/watermark: top_overlay (edge density: 0.14), bottom_subtitle (edge density: 0.12)"
000105_3.50s,لولا_ان_يقال_ان_ملك_مصر_عجز_عن_بناء_بناه_799af4b8_000105_3.50s.jpg,0.5,0.5,0.0,MIXED,both,REVIEW,"Neutral metadata with no explicit mosque keywords | Ambiguous or mixed features between Sultan Hassan and Al-Rifa'i | Detected overlay/watermark: top_overlay (edge density: 0.15), bottom_subtitle (edge density: 0.10)"
000120_4.00s,لولا_ان_يقال_ان_ملك_مصر_عجز_عن_بناء_بناه_799af4b8_000120_4.00s.jpg,0.5,0.5,0.0,MIXED,both,REVIEW,Neutral metadata with no explicit mosque keywords | Ambiguous or mixed features between Sultan Hassan and Al-Rifa'i | Detected overlay/watermark: top_overlay (edge density: 0.16)
000135_4.50s,لولا_ان_يقال_ان_ملك_مصر_عجز_عن_بناء_بناه_799af4b8_000135_4.50s.jpg,0.5,0.5,0.0,MIXED,both,REVIEW,Neutral metadata with no explicit mosque keywords | Ambiguous or mixed features between Sultan Hassan and Al-Rifa'i | Detected overlay/watermark: top_overlay (edge density: 0.16)
000150_5.00s,لولا_ان_يقال_ان_ملك_مصر_عجز_عن_بناء_بناه_799af4b8_000150_5.00s.jpg,0.5,0.5,0.0,MIXED,both,REVIEW,Neutral metadata with no explicit mosque keywords | Ambiguous or mixed features between Sultan Hassan and Al-Rifa'i | Detected overlay/watermark: top_overlay (edge density: 0.09)
000165_5.50s,لولا_ان_يقال_ان_ملك_مصر_عجز_عن_بناء_بناه_799af4b8_000165_5.50s.jpg,0.5,0.5,0.0,MIXED,both,REVIEW,Neutral metadata with no explicit mosque keywords | Ambiguous or mixed features between Sultan Hassan and Al-Rifa'i
000180_6.00s,لولا_ان_يقال_ان_ملك_مصر_عجز_عن_بناء_بناه_799af4b8_000180_6.00s.jpg,0.5,0.5,0.0,MIXED,both,REVIEW,Neutral metadata with no explicit mosque keywords | Ambiguous or mixed features between Sultan Hassan and Al-Rifa'i
000195_6.50s,لولا_ان_يقال_ان_ملك_مصر_عجز_عن_بناء_بناه_799af4b8_000195_6.50s.jpg,0.5,0.5,0.0,MIXED,both,REVIEW,Neutral metadata with no explicit mosque keywords | Ambiguous or mixed features between Sultan Hassan and Al-Rifa'i | Detected overlay/watermark: top_overlay (edge density: 0.11)
000210_7.00s,لولا_ان_يقال_ان_ملك_مصر_عجز_عن_بناء_بناه_799af4b8_000210_7.00s.jpg,0.5,0.5,0.0,MIXED,both,REVIEW,"Neutral metadata with no explicit mosque keywords | Ambiguous or mixed features between Sultan Hassan and Al-Rifa'i | Detected overlay/watermark: top_overlay (edge density: 0.15), bottom_subtitle (edge density: 0.10)"
000225_7.50s,لولا_ان_يقال_ان_ملك_مصر_عجز_عن_بناء_بناه_799af4b8_000225_7.50s.jpg,0.5,0.5,0.0,MIXED,both,REVIEW,"Neutral metadata with no explicit mosque keywords | Ambiguous or mixed features between Sultan Hassan and Al-Rifa'i | Detected overlay/watermark: top_overlay (edge density: 0.14), bottom_subtitle (edge density: 0.09)"
000240_8.00s,لولا_ان_يقال_ان_ملك_مصر_عجز_عن_بناء_بناه_799af4b8_000240_8.00s.jpg,0.5,0.5,0.0,MIXED,both,REVIEW,"Neutral metadata with no explicit mosque keywords | Ambiguous or mixed features between Sultan Hassan and Al-Rifa'i | Detected overlay/watermark: top_overlay (edge density: 0.14), bottom_subtitle (edge density: 0.10)"
000255_8.50s,لولا_ان_يقال_ان_ملك_مصر_عجز_عن_بناء_بناه_799af4b8_000255_8.50s.jpg,0.5,0.5,0.0,MIXED,both,REVIEW,"Neutral metadata with no explicit mosque keywords | Ambiguous or mixed features between Sultan Hassan and Al-Rifa'i | Detected overlay/watermark: top_overlay (edge density: 0.13), bottom_subtitle (edge density: 0.09)"
000270_9.00s,لولا_ان_يقال_ان_ملك_مصر_عجز_عن_بناء_بناه_799af4b8_000270_9.00s.jpg,0.5,0.5,0.0,MIXED,both,REVIEW,"Neutral metadata with no explicit mosque keywords | Ambiguous or mixed features between Sultan Hassan and Al-Rifa'i | Detected overlay/watermark: top_overlay (edge density: 0.14), bottom_subtitle (edge density: 0.11)"
000285_9.50s,لولا_ان_يقال_ان_ملك_مصر_عجز_عن_بناء_بناه_799af4b8_000285_9.50s.jpg,0.5,0.5,0.0,MIXED,both,REVIEW,"Neutral metadata with no explicit mosque keywords | Ambiguous or mixed features between Sultan Hassan and Al-Rifa'i | Detected overlay/watermark: top_overlay (edge density: 0.13), bottom_subtitle (edge density: 0.11)"
000300_10.00s,لولا_ان_يقال_ان_ملك_مصر_عجز_عن_بناء_بناه_799af4b8_000300_10.00s.jpg,0.5,0.5,0.0,MIXED,both,REVIEW,"Neutral metadata with no explicit mosque keywords | Ambiguous or mixed features between Sultan Hassan and Al-Rifa'i | Detected overlay/watermark: top_overlay (edge density: 0.14), bottom_subtitle (edge density: 0.12)"
000315_10.50s,لولا_ان_يقال_ان_ملك_مصر_عجز_عن_بناء_بناه_799af4b8_000315_10.50s.jpg,0.5,0.5,0.0,MIXED,both,REVIEW,"Neutral metadata with no explicit mosque keywords | Ambiguous or mixed features between Sultan Hassan and Al-Rifa'i | Detected overlay/watermark: top_overlay (edge density: 0.13), bottom_subtitle (edge density: 0.10)"
000330_11.00s,لولا_ان_يقال_ان_ملك_مصر_عجز_عن_بناء_بناه_799af4b8_000330_11.00s.jpg,0.5,0.5,0.0,MIXED,both,REVIEW,Neutral metadata with no explicit mosque keywords | Ambiguous or mixed features between Sultan Hassan and Al-Rifa'i | Detected overlay/watermark: top_overlay (edge density: 0.13)
000345_11.50s,لولا_ان_يقال_ان_ملك_مصر_عجز_عن_بناء_بناه_799af4b8_000345_11.50s.jpg,0.5,0.5,0.0,MIXED,both,REVIEW,Neutral metadata with no explicit mosque keywords | Ambiguous or mixed features between Sultan Hassan and Al-Rifa'i | Detected overlay/watermark: top_overlay (edge density: 0.11)
000360_12.00s,لولا_ان_يقال_ان_ملك_مصر_عجز_عن_بناء_بناه_799af4b8_000360_12.00s.jpg,0.5,0.5,0.0,MIXED,both,REVIEW,Neutral metadata with no explicit mosque keywords | Ambiguous or mixed features between Sultan Hassan and Al-Rifa'i | Detected overlay/watermark: top_overlay (edge density: 0.12)
000375_12.50s,لولا_ان_يقال_ان_ملك_مصر_عجز_عن_بناء_بناه_799af4b8_000375_12.50s.jpg,0.5,0.5,0.0,MIXED,both,REVIEW,Neutral metadata with no explicit mosque keywords | Ambiguous or mixed features between Sultan Hassan and Al-Rifa'i | Detected overlay/watermark: top_overlay (edge density: 0.10)
000390_13.00s,لولا_ان_يقال_ان_ملك_مصر_عجز_عن_بناء_بناه_799af4b8_000390_13.00s.jpg,0.5,0.5,0.0,MIXED,both,REVIEW,Neutral metadata with no explicit mosque keywords | Ambiguous or mixed features between Sultan Hassan and Al-Rifa'i
000405_13.50s,لولا_ان_يقال_ان_ملك_مصر_عجز_عن_بناء_بناه_799af4b8_000405_13.50s.jpg,0.5,0.5,0.0,MIXED,both,REVIEW,Neutral metadata with no explicit mosque keywords | Ambiguous or mixed features between Sultan Hassan and Al-Rifa'i
000420_14.00s,لولا_ان_يقال_ان_ملك_مصر_عجز_عن_بناء_بناه_799af4b8_000420_14.00s.jpg,0.5,0.5,0.0,MIXED,both,REVIEW,Neutral metadata with no explicit mosque keywords | Ambiguous or mixed features between Sultan Hassan and Al-Rifa'i
000435_14.50s,لولا_ان_يقال_ان_ملك_مصر_عجز_عن_بناء_بناه_799af4b8_000435_14.50s.jpg,0.5,0.5,0.0,MIXED,both,REVIEW,Neutral metadata with no explicit mosque keywords | Ambiguous or mixed features between Sultan Hassan and Al-Rifa'i
000450_15.00s,لولا_ان_يقال_ان_ملك_مصر_عجز_عن_بناء_بناه_799af4b8_000450_15.00s.jpg,0.5,0.5,0.0,MIXED,both,REVIEW,Neutral metadata with no explicit mosque keywords | Ambiguous or mixed features between Sultan Hassan and Al-Rifa'i
000465_15.50s,لولا_ان_يقال_ان_ملك_مصر_عجز_عن_بناء_بناه_799af4b8_000465_15.50s.jpg,0.5,0.5,0.0,MIXED,both,REVIEW,Neutral metadata with no explicit mosque keywords | Ambiguous or mixed features between Sultan Hassan and Al-Rifa'i
000480_16.00s,لولا_ان_يقال_ان_ملك_مصر_عجز_عن_بناء_بناه_799af4b8_000480_16.00s.jpg,0.5,0.5,0.0,MIXED,both,REVIEW,Neutral metadata with no explicit mosque keywords | Ambiguous or mixed features between Sultan Hassan and Al-Rifa'i
000510_17.00s,لولا_ان_يقال_ان_ملك_مصر_عجز_عن_بناء_بناه_799af4b8_000510_17.00s.jpg,0.5,0.5,0.0,MIXED,both,REVIEW,Neutral metadata with no explicit mosque keywords | Ambiguous or mixed features between Sultan Hassan and Al-Rifa'i
000525_17.50s,لولا_ان_يقال_ان_ملك_مصر_عجز_عن_بناء_بناه_799af4b8_000525_17.50s.jpg,0.5,0.5,0.0,MIXED,both,REVIEW,Neutral metadata with no explicit mosque keywords | Ambiguous or mixed features between Sultan Hassan and Al-Rifa'i
000540_18.00s,لولا_ان_يقال_ان_ملك_مصر_عجز_عن_بناء_بناه_799af4b8_000540_18.00s.jpg,0.5,0.5,0.0,MIXED,both,REVIEW,Neutral metadata with no explicit mosque keywords | Ambiguous or mixed features between Sultan Hassan and Al-Rifa'i
000555_18.50s,لولا_ان_يقال_ان_ملك_مصر_عجز_عن_بناء_بناه_799af4b8_000555_18.50s.jpg,0.5,0.5,0.0,MIXED,both,REVIEW,Neutral metadata with no explicit mosque keywords | Ambiguous or mixed features between Sultan Hassan and Al-Rifa'i
000570_19.00s,لولا_ان_يقال_ان_ملك_مصر_عجز_عن_بناء_بناه_799af4b8_000570_19.00s.jpg,0.5,0.5,0.0,MIXED,both,REVIEW,Neutral metadata with no explicit mosque keywords | Ambiguous or mixed features between Sultan Hassan and Al-Rifa'i
000600_20.00s,لولا_ان_يقال_ان_ملك_مصر_عجز_عن_بناء_بناه_799af4b8_000600_20.00s.jpg,0.5,0.5,0.0,MIXED,both,REVIEW,Neutral metadata with no explicit mosque keywords | Ambiguous or mixed features between Sultan Hassan and Al-Rifa'i
000645_21.50s,لولا_ان_يقال_ان_ملك_مصر_عجز_عن_بناء_بناه_799af4b8_000645_21.50s.jpg,0.5,0.5,0.0,MIXED,both,REVIEW,Neutral metadata with no explicit mosque keywords | Ambiguous or mixed features between Sultan Hassan and Al-Rifa'i
000690_23.00s,لولا_ان_يقال_ان_ملك_مصر_عجز_عن_بناء_بناه_799af4b8_000690_23.00s.jpg,0.5,0.5,0.0,MIXED,both,REVIEW,Neutral metadata with no explicit mosque keywords | Ambiguous or mixed features between Sultan Hassan and Al-Rifa'i
000705_23.50s,لولا_ان_يقال_ان_ملك_مصر_عجز_عن_بناء_بناه_799af4b8_000705_23.50s.jpg,0.5,0.5,0.0,MIXED,both,REVIEW,Neutral metadata with no explicit mosque keywords | Ambiguous or mixed features between Sultan Hassan and Al-Rifa'i
000720_24.00s,لولا_ان_يقال_ان_ملك_مصر_عجز_عن_بناء_بناه_799af4b8_000720_24.00s.jpg,0.5,0.5,0.0,MIXED,both,REVIEW,Neutral metadata with no explicit mosque keywords | Ambiguous or mixed features between Sultan Hassan and Al-Rifa'i
000735_24.50s,لولا_ان_يقال_ان_ملك_مصر_عجز_عن_بناء_بناه_799af4b8_000735_24.50s.jpg,0.5,0.5,0.0,MIXED,both,REVIEW,Neutral metadata with no explicit mosque keywords | Ambiguous or mixed features between Sultan Hassan and Al-Rifa'i | Detected overlay/watermark: bottom_subtitle (edge density: 0.09)
000750_25.00s,لولا_ان_يقال_ان_ملك_مصر_عجز_عن_بناء_بناه_799af4b8_000750_25.00s.jpg,0.5,0.5,0.0,MIXED,both,REVIEW,Neutral metadata with no explicit mosque keywords | Ambiguous or mixed features between Sultan Hassan and Al-Rifa'i | Detected overlay/watermark: bottom_subtitle (edge density: 0.11)
000765_25.50s,لولا_ان_يقال_ان_ملك_مصر_عجز_عن_بناء_بناه_799af4b8_000765_25.50s.jpg,0.5,0.5,0.0,MIXED,both,REVIEW,Neutral metadata with no explicit mosque keywords | Ambiguous or mixed features between Sultan Hassan and Al-Rifa'i | Detected overlay/watermark: bottom_subtitle (edge density: 0.11)
000780_26.00s,لولا_ان_يقال_ان_ملك_مصر_عجز_عن_بناء_بناه_799af4b8_000780_26.00s.jpg,0.5,0.5,0.0,MIXED,both,REVIEW,Neutral metadata with no explicit mosque keywords | Ambiguous or mixed features between Sultan Hassan and Al-Rifa'i | Detected overlay/watermark: bottom_subtitle (edge density: 0.12)
000795_26.50s,لولا_ان_يقال_ان_ملك_مصر_عجز_عن_بناء_بناه_799af4b8_000795_26.50s.jpg,0.5,0.5,0.0,MIXED,both,REVIEW,Neutral metadata with no explicit mosque keywords | Ambiguous or mixed features between Sultan Hassan and Al-Rifa'i | Detected overlay/watermark: bottom_subtitle (edge density: 0.13)
000810_27.00s,لولا_ان_يقال_ان_ملك_مصر_عجز_عن_بناء_بناه_799af4b8_000810_27.00s.jpg,0.5,0.5,0.0,MIXED,both,REVIEW,Neutral metadata with no explicit mosque keywords | Ambiguous or mixed features between Sultan Hassan and Al-Rifa'i | Detected overlay/watermark: bottom_subtitle (edge density: 0.14)
000825_27.50s,لولا_ان_يقال_ان_ملك_مصر_عجز_عن_بناء_بناه_799af4b8_000825_27.50s.jpg,0.5,0.5,0.0,MIXED,both,REVIEW,Neutral metadata with no explicit mosque keywords | Ambiguous or mixed features between Sultan Hassan and Al-Rifa'i | Detected overlay/watermark: bottom_subtitle (edge density: 0.14)
000840_28.00s,لولا_ان_يقال_ان_ملك_مصر_عجز_عن_بناء_بناه_799af4b8_000840_28.00s.jpg,0.5,0.5,0.0,MIXED,both,REVIEW,Neutral metadata with no explicit mosque keywords | Ambiguous or mixed features between Sultan Hassan and Al-Rifa'i | Detected overlay/watermark: bottom_subtitle (edge density: 0.14)
000855_28.50s,لولا_ان_يقال_ان_ملك_مصر_عجز_عن_بناء_بناه_799af4b8_000855_28.50s.jpg,0.5,0.5,0.0,MIXED,both,REVIEW,Neutral metadata with no explicit mosque keywords | Ambiguous or mixed features between Sultan Hassan and Al-Rifa'i | Detected overlay/watermark: bottom_subtitle (edge density: 0.14)
000870_29.00s,لولا_ان_يقال_ان_ملك_مصر_عجز_عن_بناء_بناه_799af4b8_000870_29.00s.jpg,0.5,0.5,0.0,MIXED,both,REVIEW,Neutral metadata with no explicit mosque keywords | Ambiguous or mixed features between Sultan Hassan and Al-Rifa'i | Detected overlay/watermark: bottom_subtitle (edge density: 0.14)
000885_29.50s,لولا_ان_يقال_ان_ملك_مصر_عجز_عن_بناء_بناه_799af4b8_000885_29.50s.jpg,0.5,0.5,0.0,MIXED,both,REVIEW,Neutral metadata with no explicit mosque keywords | Ambiguous or mixed features between Sultan Hassan and Al-Rifa'i | Detected overlay/watermark: bottom_subtitle (edge density: 0.12)
000900_30.00s,لولا_ان_يقال_ان_ملك_مصر_عجز_عن_بناء_بناه_799af4b8_000900_30.00s.jpg,0.5,0.5,0.0,MIXED,both,REVIEW,Neutral metadata with no explicit mosque keywords | Ambiguous or mixed features between Sultan Hassan and Al-Rifa'i | Detected overlay/watermark: bottom_subtitle (edge density: 0.12)
000915_30.50s,لولا_ان_يقال_ان_ملك_مصر_عجز_عن_بناء_بناه_799af4b8_000915_30.50s.jpg,0.5,0.5,0.0,MIXED,both,REVIEW,Neutral metadata with no explicit mosque keywords | Ambiguous or mixed features between Sultan Hassan and Al-Rifa'i
000930_31.00s,لولا_ان_يقال_ان_ملك_مصر_عجز_عن_بناء_بناه_799af4b8_000930_31.00s.jpg,0.5,0.5,0.0,MIXED,both,REVIEW,Neutral metadata with no explicit mosque keywords | Ambiguous or mixed features between Sultan Hassan and Al-Rifa'i
000945_31.50s,لولا_ان_يقال_ان_ملك_مصر_عجز_عن_بناء_بناه_799af4b8_000945_31.50s.jpg,0.5,0.5,0.0,MIXED,both,REVIEW,Neutral metadata with no explicit mosque keywords | Ambiguous or mixed features between Sultan Hassan and Al-Rifa'i
000960_32.00s,لولا_ان_يقال_ان_ملك_مصر_عجز_عن_بناء_بناه_799af4b8_000960_32.00s.jpg,0.5,0.5,0.0,MIXED,both,REVIEW,Neutral metadata with no explicit mosque keywords | Ambiguous or mixed features between Sultan Hassan and Al-Rifa'i
000975_32.50s,لولا_ان_يقال_ان_ملك_مصر_عجز_عن_بناء_بناه_799af4b8_000975_32.50s.jpg,0.5,0.5,0.0,MIXED,both,REVIEW,Neutral metadata with no explicit mosque keywords | Ambiguous or mixed features between Sultan Hassan and Al-Rifa'i
000990_33.00s,لولا_ان_يقال_ان_ملك_مصر_عجز_عن_بناء_بناه_799af4b8_000990_33.00s.jpg,0.5,0.5,0.0,MIXED,both,REVIEW,Neutral metadata with no explicit mosque keywords | Ambiguous or mixed features between Sultan Hassan and Al-Rifa'i
001005_33.50s,لولا_ان_يقال_ان_ملك_مصر_عجز_عن_بناء_بناه_799af4b8_001005_33.50s.jpg,0.5,0.5,0.0,MIXED,both,REVIEW,Neutral metadata with no explicit mosque keywords | Ambiguous or mixed features between Sultan Hassan and Al-Rifa'i
001020_34.00s,لولا_ان_يقال_ان_ملك_مصر_عجز_عن_بناء_بناه_799af4b8_001020_34.00s.jpg,0.5,0.5,0.0,MIXED,both,REVIEW,Neutral metadata with no explicit mosque keywords | Ambiguous or mixed features between Sultan Hassan and Al-Rifa'i
001035_34.50s,لولا_ان_يقال_ان_ملك_مصر_عجز_عن_بناء_بناه_799af4b8_001035_34.50s.jpg,0.5,0.5,0.0,MIXED,both,REVIEW,Neutral metadata with no explicit mosque keywords | Ambiguous or mixed features between Sultan Hassan and Al-Rifa'i
001050_35.00s,لولا_ان_يقال_ان_ملك_مصر_عجز_عن_بناء_بناه_799af4b8_001050_35.00s.jpg,0.5,0.5,0.0,MIXED,both,REVIEW,Neutral metadata with no explicit mosque keywords | Ambiguous or mixed features between Sultan Hassan and Al-Rifa'i
001065_35.50s,لولا_ان_يقال_ان_ملك_مصر_عجز_عن_بناء_بناه_799af4b8_001065_35.50s.jpg,0.5,0.5,0.0,MIXED,both,REVIEW,Neutral metadata with no explicit mosque keywords | Ambiguous or mixed features between Sultan Hassan and Al-Rifa'i
001080_36.00s,لولا_ان_يقال_ان_ملك_مصر_عجز_عن_بناء_بناه_799af4b8_001080_36.00s.jpg,0.5,0.5,0.0,MIXED,both,REVIEW,Neutral metadata with no explicit mosque keywords | Ambiguous or mixed features between Sultan Hassan and Al-Rifa'i
001095_36.50s,لولا_ان_يقال_ان_ملك_مصر_عجز_عن_بناء_بناه_799af4b8_001095_36.50s.jpg,0.5,0.5,0.0,MIXED,both,REVIEW,Neutral metadata with no explicit mosque keywords | Ambiguous or mixed features between Sultan Hassan and Al-Rifa'i
001110_37.00s,لولا_ان_يقال_ان_ملك_مصر_عجز_عن_بناء_بناه_799af4b8_001110_37.00s.jpg,0.5,0.5,0.0,MIXED,both,REVIEW,Neutral metadata with no explicit mosque keywords | Ambiguous or mixed features between Sultan Hassan and Al-Rifa'i
001125_37.50s,لولا_ان_يقال_ان_ملك_مصر_عجز_عن_بناء_بناه_799af4b8_001125_37.50s.jpg,0.5,0.5,0.0,MIXED,both,REVIEW,Neutral metadata with no explicit mosque keywords | Ambiguous or mixed features between Sultan Hassan and Al-Rifa'i
001140_38.00s,لولا_ان_يقال_ان_ملك_مصر_عجز_عن_بناء_بناه_799af4b8_001140_38.00s.jpg,0.5,0.5,0.0,MIXED,both,REVIEW,Neutral metadata with no explicit mosque keywords | Ambiguous or mixed features between Sultan Hassan and Al-Rifa'i
001155_38.50s,لولا_ان_يقال_ان_ملك_مصر_عجز_عن_بناء_بناه_799af4b8_001155_38.50s.jpg,0.5,0.5,0.0,MIXED,both,REVIEW,Neutral metadata with no explicit mosque keywords | Ambiguous or mixed features between Sultan Hassan and Al-Rifa'i
001170_39.00s,لولا_ان_يقال_ان_ملك_مصر_عجز_عن_بناء_بناه_799af4b8_001170_39.00s.jpg,0.5,0.5,0.0,MIXED,both,REVIEW,Neutral metadata with no explicit mosque keywords | Ambiguous or mixed features between Sultan Hassan and Al-Rifa'i
001185_39.50s,لولا_ان_يقال_ان_ملك_مصر_عجز_عن_بناء_بناه_799af4b8_001185_39.50s.jpg,0.5,0.5,0.0,MIXED,both,REVIEW,Neutral metadata with no explicit mosque keywords | Ambiguous or mixed features between Sultan Hassan and Al-Rifa'i
001215_40.50s,لولا_ان_يقال_ان_ملك_مصر_عجز_عن_بناء_بناه_799af4b8_001215_40.50s.jpg,0.5,0.5,0.0,MIXED,both,REVIEW,Neutral metadata with no explicit mosque keywords | Ambiguous or mixed features between Sultan Hassan and Al-Rifa'i
001230_41.00s,لولا_ان_يقال_ان_ملك_مصر_عجز_عن_بناء_بناه_799af4b8_001230_41.00s.jpg,0.5,0.5,0.0,MIXED,both,REVIEW,Neutral metadata with no explicit mosque keywords | Ambiguous or mixed features between Sultan Hassan and Al-Rifa'i
001260_42.00s,لولا_ان_يقال_ان_ملك_مصر_عجز_عن_بناء_بناه_799af4b8_001260_42.00s.jpg,0.5,0.5,0.0,MIXED,both,REVIEW,Neutral metadata with no explicit mosque keywords | Ambiguous or mixed features between Sultan Hassan and Al-Rifa'i
001290_43.00s,لولا_ان_يقال_ان_ملك_مصر_عجز_عن_بناء_بناه_799af4b8_001290_43.00s.jpg,0.5,0.5,0.0,MIXED,both,REVIEW,Neutral metadata with no explicit mosque keywords | Ambiguous or mixed features between Sultan Hassan and Al-Rifa'i
001350_45.00s,لولا_ان_يقال_ان_ملك_مصر_عجز_عن_بناء_بناه_799af4b8_001350_45.00s.jpg,0.5,0.5,0.0,MIXED,both,REVIEW,Neutral metadata with no explicit mosque keywords | Ambiguous or mixed features between Sultan Hassan and Al-Rifa'i | Detected overlay/watermark: bottom_subtitle (edge density: 0.09)
001410_47.00s,لولا_ان_يقال_ان_ملك_مصر_عجز_عن_بناء_بناه_799af4b8_001410_47.00s.jpg,0.5,0.5,0.0,MIXED,both,REVIEW,Neutral metadata with no explicit mosque keywords | Ambiguous or mixed features between Sultan Hassan and Al-Rifa'i
001440_48.00s,لولا_ان_يقال_ان_ملك_مصر_عجز_عن_بناء_بناه_799af4b8_001440_48.00s.jpg,0.5,0.5,0.0,MIXED,both,REVIEW,Neutral metadata with no explicit mosque keywords | Ambiguous or mixed features between Sultan Hassan and Al-Rifa'i
001455_48.50s,لولا_ان_يقال_ان_ملك_مصر_عجز_عن_بناء_بناه_799af4b8_001455_48.50s.jpg,0.5,0.5,0.0,MIXED,both,REVIEW,Neutral metadata with no explicit mosque keywords | Ambiguous or mixed features between Sultan Hassan and Al-Rifa'i
000000_0.00s,مسجد_السلطان_حسن_واحد_من_أعظم_التحف_المع_1219b3c7_000000_0.00s.jpg,0.9,0.1,0.8,SULTAN_HASSAN,sultan_hassan,KEEP,Metadata explicitly references Sultan Hassan Mosque | Sultan Hassan architectural features confirmed
000015_0.50s,مسجد_السلطان_حسن_واحد_من_أعظم_التحف_المع_1219b3c7_000015_0.50s.jpg,0.9,0.1,0.8,SULTAN_HASSAN,sultan_hassan,KEEP,Metadata explicitly references Sultan Hassan Mosque | Sultan Hassan architectural features confirmed
000060_2.00s,مسجد_السلطان_حسن_واحد_من_أعظم_التحف_المع_1219b3c7_000060_2.00s.jpg,0.9,0.1,0.8,SULTAN_HASSAN,sultan_hassan,KEEP,Metadata explicitly references Sultan Hassan Mosque | Sultan Hassan architectural features confirmed
000120_4.00s,مسجد_السلطان_حسن_واحد_من_أعظم_التحف_المع_1219b3c7_000120_4.00s.jpg,0.9,0.1,0.8,SULTAN_HASSAN,sultan_hassan,KEEP,Metadata explicitly references Sultan Hassan Mosque | Sultan Hassan architectural features confirmed
000150_5.00s,مسجد_السلطان_حسن_واحد_من_أعظم_التحف_المع_1219b3c7_000150_5.00s.jpg,0.9,0.1,0.8,SULTAN_HASSAN,sultan_hassan,KEEP,Metadata explicitly references Sultan Hassan Mosque | Sultan Hassan architectural features confirmed
000180_6.00s,مسجد_السلطان_حسن_واحد_من_أعظم_التحف_المع_1219b3c7_000180_6.00s.jpg,0.9,0.1,0.8,SULTAN_HASSAN,sultan_hassan,KEEP,Metadata explicitly references Sultan Hassan Mosque | Sultan Hassan architectural features confirmed
000195_6.50s,مسجد_السلطان_حسن_واحد_من_أعظم_التحف_المع_1219b3c7_000195_6.50s.jpg,0.9,0.1,0.8,SULTAN_HASSAN,sultan_hassan,KEEP,Metadata explicitly references Sultan Hassan Mosque | Sultan Hassan architectural features confirmed
000210_7.00s,مسجد_السلطان_حسن_واحد_من_أعظم_التحف_المع_1219b3c7_000210_7.00s.jpg,0.9,0.1,0.8,SULTAN_HASSAN,sultan_hassan,KEEP,Metadata explicitly references Sultan Hassan Mosque | Sultan Hassan architectural features confirmed
000240_8.00s,مسجد_السلطان_حسن_واحد_من_أعظم_التحف_المع_1219b3c7_000240_8.00s.jpg,0.9,0.1,0.8,SULTAN_HASSAN,sultan_hassan,KEEP,Metadata explicitly references Sultan Hassan Mosque | Sultan Hassan architectural features confirmed
000270_9.00s,مسجد_السلطان_حسن_واحد_من_أعظم_التحف_المع_1219b3c7_000270_9.00s.jpg,0.9,0.1,0.8,SULTAN_HASSAN,sultan_hassan,KEEP,Metadata explicitly references Sultan Hassan Mosque | Sultan Hassan architectural features confirmed
000300_10.00s,مسجد_السلطان_حسن_واحد_من_أعظم_التحف_المع_1219b3c7_000300_10.00s.jpg,0.9,0.1,0.8,SULTAN_HASSAN,sultan_hassan,KEEP,Metadata explicitly references Sultan Hassan Mosque | Sultan Hassan architectural features confirmed
000330_11.00s,مسجد_السلطان_حسن_واحد_من_أعظم_التحف_المع_1219b3c7_000330_11.00s.jpg,0.9,0.1,0.8,SULTAN_HASSAN,sultan_hassan,KEEP,Metadata explicitly references Sultan Hassan Mosque | Sultan Hassan architectural features confirmed
000360_12.00s,مسجد_السلطان_حسن_واحد_من_أعظم_التحف_المع_1219b3c7_000360_12.00s.jpg,0.9,0.1,0.8,SULTAN_HASSAN,sultan_hassan,REVIEW,Metadata explicitly references Sultan Hassan Mosque | Sultan Hassan architectural features confirmed | Detected overlay/watermark: bottom_subtitle (edge density: 0.11)
000405_13.50s,مسجد_السلطان_حسن_واحد_من_أعظم_التحف_المع_1219b3c7_000405_13.50s.jpg,0.9,0.1,0.8,SULTAN_HASSAN,sultan_hassan,REVIEW,Metadata explicitly references Sultan Hassan Mosque | Sultan Hassan architectural features confirmed | Detected overlay/watermark: bottom_subtitle (edge density: 0.09)
000450_15.00s,مسجد_السلطان_حسن_واحد_من_أعظم_التحف_المع_1219b3c7_000450_15.00s.jpg,0.9,0.1,0.8,SULTAN_HASSAN,sultan_hassan,REVIEW,Metadata explicitly references Sultan Hassan Mosque | Sultan Hassan architectural features confirmed | Detected overlay/watermark: bottom_subtitle (edge density: 0.12)
000465_15.50s,مسجد_السلطان_حسن_واحد_من_أعظم_التحف_المع_1219b3c7_000465_15.50s.jpg,0.9,0.1,0.8,SULTAN_HASSAN,sultan_hassan,REVIEW,Metadata explicitly references Sultan Hassan Mosque | Sultan Hassan architectural features confirmed | Detected overlay/watermark: bottom_subtitle (edge density: 0.12)
000480_16.00s,مسجد_السلطان_حسن_واحد_من_أعظم_التحف_المع_1219b3c7_000480_16.00s.jpg,0.9,0.1,0.8,SULTAN_HASSAN,sultan_hassan,REVIEW,Metadata explicitly references Sultan Hassan Mosque | Sultan Hassan architectural features confirmed | Detected overlay/watermark: bottom_subtitle (edge density: 0.13)
000495_16.50s,مسجد_السلطان_حسن_واحد_من_أعظم_التحف_المع_1219b3c7_000495_16.50s.jpg,0.9,0.1,0.8,SULTAN_HASSAN,sultan_hassan,REVIEW,Metadata explicitly references Sultan Hassan Mosque | Sultan Hassan architectural features confirmed | Detected overlay/watermark: bottom_subtitle (edge density: 0.12)
000510_17.00s,مسجد_السلطان_حسن_واحد_من_أعظم_التحف_المع_1219b3c7_000510_17.00s.jpg,0.9,0.1,0.8,SULTAN_HASSAN,sultan_hassan,REVIEW,Metadata explicitly references Sultan Hassan Mosque | Sultan Hassan architectural features confirmed | Detected overlay/watermark: bottom_subtitle (edge density: 0.10)
000525_17.50s,مسجد_السلطان_حسن_واحد_من_أعظم_التحف_المع_1219b3c7_000525_17.50s.jpg,0.9,0.1,0.8,SULTAN_HASSAN,sultan_hassan,REVIEW,Metadata explicitly references Sultan Hassan Mosque | Sultan Hassan architectural features confirmed | Detected overlay/watermark: bottom_subtitle (edge density: 0.11)
000555_18.50s,مسجد_السلطان_حسن_واحد_من_أعظم_التحف_المع_1219b3c7_000555_18.50s.jpg,0.9,0.1,0.8,SULTAN_HASSAN,sultan_hassan,KEEP,Metadata explicitly references Sultan Hassan Mosque | Sultan Hassan architectural features confirmed
000600_20.00s,مسجد_السلطان_حسن_واحد_من_أعظم_التحف_المع_1219b3c7_000600_20.00s.jpg,0.9,0.1,0.8,SULTAN_HASSAN,sultan_hassan,KEEP,Metadata explicitly references Sultan Hassan Mosque | Sultan Hassan architectural features confirmed
000630_21.00s,مسجد_السلطان_حسن_واحد_من_أعظم_التحف_المع_1219b3c7_000630_21.00s.jpg,0.9,0.1,0.8,SULTAN_HASSAN,sultan_hassan,KEEP,Metadata explicitly references Sultan Hassan Mosque | Sultan Hassan architectural features confirmed
000645_21.50s,مسجد_السلطان_حسن_واحد_من_أعظم_التحف_المع_1219b3c7_000645_21.50s.jpg,0.9,0.1,0.8,SULTAN_HASSAN,sultan_hassan,KEEP,Metadata explicitly references Sultan Hassan Mosque | Sultan Hassan architectural features confirmed
000675_22.50s,مسجد_السلطان_حسن_واحد_من_أعظم_التحف_المع_1219b3c7_000675_22.50s.jpg,0.9,0.1,0.8,SULTAN_HASSAN,sultan_hassan,KEEP,Metadata explicitly references Sultan Hassan Mosque | Sultan Hassan architectural features confirmed
000690_23.00s,مسجد_السلطان_حسن_واحد_من_أعظم_التحف_المع_1219b3c7_000690_23.00s.jpg,0.9,0.1,0.8,SULTAN_HASSAN,sultan_hassan,KEEP,Metadata explicitly references Sultan Hassan Mosque | Sultan Hassan architectural features confirmed
000705_23.50s,مسجد_السلطان_حسن_واحد_من_أعظم_التحف_المع_1219b3c7_000705_23.50s.jpg,0.9,0.1,0.8,SULTAN_HASSAN,sultan_hassan,KEEP,Metadata explicitly references Sultan Hassan Mosque | Sultan Hassan architectural features confirmed
000720_24.00s,مسجد_السلطان_حسن_واحد_من_أعظم_التحف_المع_1219b3c7_000720_24.00s.jpg,0.9,0.1,0.8,SULTAN_HASSAN,sultan_hassan,KEEP,Metadata explicitly references Sultan Hassan Mosque | Sultan Hassan architectural features confirmed
000735_24.50s,مسجد_السلطان_حسن_واحد_من_أعظم_التحف_المع_1219b3c7_000735_24.50s.jpg,0.9,0.1,0.8,SULTAN_HASSAN,sultan_hassan,KEEP,Metadata explicitly references Sultan Hassan Mosque | Sultan Hassan architectural features confirmed
000750_25.00s,مسجد_السلطان_حسن_واحد_من_أعظم_التحف_المع_1219b3c7_000750_25.00s.jpg,0.9,0.1,0.8,SULTAN_HASSAN,sultan_hassan,REVIEW,"Metadata explicitly references Sultan Hassan Mosque | Sultan Hassan architectural features confirmed | Detected overlay/watermark: top_overlay (edge density: 0.12), bottom_subtitle (edge density: 0.11)"
000765_25.50s,مسجد_السلطان_حسن_واحد_من_أعظم_التحف_المع_1219b3c7_000765_25.50s.jpg,0.9,0.1,0.8,SULTAN_HASSAN,sultan_hassan,REVIEW,"Metadata explicitly references Sultan Hassan Mosque | Sultan Hassan architectural features confirmed | Detected overlay/watermark: top_overlay (edge density: 0.12), bottom_subtitle (edge density: 0.12)"
000780_26.00s,مسجد_السلطان_حسن_واحد_من_أعظم_التحف_المع_1219b3c7_000780_26.00s.jpg,0.9,0.1,0.8,SULTAN_HASSAN,sultan_hassan,REVIEW,"Metadata explicitly references Sultan Hassan Mosque | Sultan Hassan architectural features confirmed | Detected overlay/watermark: top_overlay (edge density: 0.12), bottom_subtitle (edge density: 0.15)"
000795_26.50s,مسجد_السلطان_حسن_واحد_من_أعظم_التحف_المع_1219b3c7_000795_26.50s.jpg,0.9,0.1,0.8,SULTAN_HASSAN,sultan_hassan,REVIEW,"Metadata explicitly references Sultan Hassan Mosque | Sultan Hassan architectural features confirmed | Detected overlay/watermark: top_overlay (edge density: 0.12), bottom_subtitle (edge density: 0.12)"
000810_27.00s,مسجد_السلطان_حسن_واحد_من_أعظم_التحف_المع_1219b3c7_000810_27.00s.jpg,0.9,0.1,0.8,SULTAN_HASSAN,sultan_hassan,REVIEW,"Metadata explicitly references Sultan Hassan Mosque | Sultan Hassan architectural features confirmed | Detected overlay/watermark: top_overlay (edge density: 0.13), bottom_subtitle (edge density: 0.12)"
000825_27.50s,مسجد_السلطان_حسن_واحد_من_أعظم_التحف_المع_1219b3c7_000825_27.50s.jpg,0.9,0.1,0.8,SULTAN_HASSAN,sultan_hassan,REVIEW,"Metadata explicitly references Sultan Hassan Mosque | Sultan Hassan architectural features confirmed | Detected overlay/watermark: top_overlay (edge density: 0.09), bottom_subtitle (edge density: 0.21)"
000840_28.00s,مسجد_السلطان_حسن_واحد_من_أعظم_التحف_المع_1219b3c7_000840_28.00s.jpg,0.9,0.1,0.8,SULTAN_HASSAN,sultan_hassan,REVIEW,"Metadata explicitly references Sultan Hassan Mosque | Sultan Hassan architectural features confirmed | Detected overlay/watermark: top_overlay (edge density: 0.11), bottom_subtitle (edge density: 0.11)"
000855_28.50s,مسجد_السلطان_حسن_واحد_من_أعظم_التحف_المع_1219b3c7_000855_28.50s.jpg,0.9,0.1,0.8,SULTAN_HASSAN,sultan_hassan,REVIEW,"Metadata explicitly references Sultan Hassan Mosque | Sultan Hassan architectural features confirmed | Detected overlay/watermark: top_overlay (edge density: 0.10), bottom_subtitle (edge density: 0.15)"
000870_29.00s,مسجد_السلطان_حسن_واحد_من_أعظم_التحف_المع_1219b3c7_000870_29.00s.jpg,0.9,0.1,0.8,SULTAN_HASSAN,sultan_hassan,REVIEW,"Metadata explicitly references Sultan Hassan Mosque | Sultan Hassan architectural features confirmed | Detected overlay/watermark: top_overlay (edge density: 0.10), bottom_subtitle (edge density: 0.11)"
000885_29.50s,مسجد_السلطان_حسن_واحد_من_أعظم_التحف_المع_1219b3c7_000885_29.50s.jpg,0.9,0.1,0.8,SULTAN_HASSAN,sultan_hassan,KEEP,Metadata explicitly references Sultan Hassan Mosque | Sultan Hassan architectural features confirmed
000900_30.00s,مسجد_السلطان_حسن_واحد_من_أعظم_التحف_المع_1219b3c7_000900_30.00s.jpg,0.9,0.1,0.8,SULTAN_HASSAN,sultan_hassan,REVIEW,Metadata explicitly references Sultan Hassan Mosque | Sultan Hassan architectural features confirmed | Detected overlay/watermark: bottom_subtitle (edge density: 0.23)
000990_33.00s,مسجد_السلطان_حسن_واحد_من_أعظم_التحف_المع_1219b3c7_000990_33.00s.jpg,0.9,0.1,0.8,SULTAN_HASSAN,sultan_hassan,KEEP,Metadata explicitly references Sultan Hassan Mosque | Sultan Hassan architectural features confirmed
001020_34.00s,مسجد_السلطان_حسن_واحد_من_أعظم_التحف_المع_1219b3c7_001020_34.00s.jpg,0.9,0.1,0.8,SULTAN_HASSAN,sultan_hassan,KEEP,Metadata explicitly references Sultan Hassan Mosque | Sultan Hassan architectural features confirmed
001050_35.00s,مسجد_السلطان_حسن_واحد_من_أعظم_التحف_المع_1219b3c7_001050_35.00s.jpg,0.9,0.1,0.8,SULTAN_HASSAN,sultan_hassan,KEEP,Metadata explicitly references Sultan Hassan Mosque | Sultan Hassan architectural features confirmed
001095_36.50s,مسجد_السلطان_حسن_واحد_من_أعظم_التحف_المع_1219b3c7_001095_36.50s.jpg,0.9,0.1,0.8,SULTAN_HASSAN,sultan_hassan,REVIEW,Metadata explicitly references Sultan Hassan Mosque | Sultan Hassan architectural features confirmed | Detected overlay/watermark: top_overlay (edge density: 0.09)
001125_37.50s,مسجد_السلطان_حسن_واحد_من_أعظم_التحف_المع_1219b3c7_001125_37.50s.jpg,0.9,0.1,0.8,SULTAN_HASSAN,sultan_hassan,REVIEW,Metadata explicitly references Sultan Hassan Mosque | Sultan Hassan architectural features confirmed | Detected overlay/watermark: top_overlay (edge density: 0.10)
001155_38.50s,مسجد_السلطان_حسن_واحد_من_أعظم_التحف_المع_1219b3c7_001155_38.50s.jpg,0.9,0.1,0.8,SULTAN_HASSAN,sultan_hassan,REVIEW,Metadata explicitly references Sultan Hassan Mosque | Sultan Hassan architectural features confirmed | Detected overlay/watermark: top_overlay (edge density: 0.13)
001170_39.00s,مسجد_السلطان_حسن_واحد_من_أعظم_التحف_المع_1219b3c7_001170_39.00s.jpg,0.9,0.1,0.8,SULTAN_HASSAN,sultan_hassan,REVIEW,Metadata explicitly references Sultan Hassan Mosque | Sultan Hassan architectural features confirmed | Detected overlay/watermark: top_overlay (edge density: 0.14)
001200_40.00s,مسجد_السلطان_حسن_واحد_من_أعظم_التحف_المع_1219b3c7_001200_40.00s.jpg,0.9,0.1,0.8,SULTAN_HASSAN,sultan_hassan,REVIEW,Metadata explicitly references Sultan Hassan Mosque | Sultan Hassan architectural features confirmed | Detected overlay/watermark: top_overlay (edge density: 0.13)
001215_40.50s,مسجد_السلطان_حسن_واحد_من_أعظم_التحف_المع_1219b3c7_001215_40.50s.jpg,0.9,0.1,0.8,SULTAN_HASSAN,sultan_hassan,REVIEW,Metadata explicitly references Sultan Hassan Mosque | Sultan Hassan architectural features confirmed | Detected overlay/watermark: top_overlay (edge density: 0.11)
001260_42.00s,مسجد_السلطان_حسن_واحد_من_أعظم_التحف_المع_1219b3c7_001260_42.00s.jpg,0.9,0.1,0.8,SULTAN_HASSAN,sultan_hassan,KEEP,Metadata explicitly references Sultan Hassan Mosque | Sultan Hassan architectural features confirmed
001275_42.50s,مسجد_السلطان_حسن_واحد_من_أعظم_التحف_المع_1219b3c7_001275_42.50s.jpg,0.9,0.1,0.8,SULTAN_HASSAN,sultan_hassan,KEEP,Metadata explicitly references Sultan Hassan Mosque | Sultan Hassan architectural features confirmed
001290_43.00s,مسجد_السلطان_حسن_واحد_من_أعظم_التحف_المع_1219b3c7_001290_43.00s.jpg,0.9,0.1,0.8,SULTAN_HASSAN,sultan_hassan,KEEP,Metadata explicitly references Sultan Hassan Mosque | Sultan Hassan architectural features confirmed
001305_43.50s,مسجد_السلطان_حسن_واحد_من_أعظم_التحف_المع_1219b3c7_001305_43.50s.jpg,0.9,0.1,0.8,SULTAN_HASSAN,sultan_hassan,KEEP,Metadata explicitly references Sultan Hassan Mosque | Sultan Hassan architectural features confirmed
001320_44.00s,مسجد_السلطان_حسن_واحد_من_أعظم_التحف_المع_1219b3c7_001320_44.00s.jpg,0.9,0.1,0.8,SULTAN_HASSAN,sultan_hassan,KEEP,Metadata explicitly references Sultan Hassan Mosque | Sultan Hassan architectural features confirmed
001335_44.50s,مسجد_السلطان_حسن_واحد_من_أعظم_التحف_المع_1219b3c7_001335_44.50s.jpg,0.9,0.1,0.8,SULTAN_HASSAN,sultan_hassan,KEEP,Metadata explicitly references Sultan Hassan Mosque | Sultan Hassan architectural features confirmed
001350_45.00s,مسجد_السلطان_حسن_واحد_من_أعظم_التحف_المع_1219b3c7_001350_45.00s.jpg,0.9,0.1,0.8,SULTAN_HASSAN,sultan_hassan,KEEP,Metadata explicitly references Sultan Hassan Mosque | Sultan Hassan architectural features confirmed
001365_45.50s,مسجد_السلطان_حسن_واحد_من_أعظم_التحف_المع_1219b3c7_001365_45.50s.jpg,0.9,0.1,0.8,SULTAN_HASSAN,sultan_hassan,KEEP,Metadata explicitly references Sultan Hassan Mosque | Sultan Hassan architectural features confirmed
001380_46.00s,مسجد_السلطان_حسن_واحد_من_أعظم_التحف_المع_1219b3c7_001380_46.00s.jpg,0.9,0.1,0.8,SULTAN_HASSAN,sultan_hassan,KEEP,Metadata explicitly references Sultan Hassan Mosque | Sultan Hassan architectural features confirmed
001470_49.00s,مسجد_السلطان_حسن_واحد_من_أعظم_التحف_المع_1219b3c7_001470_49.00s.jpg,0.9,0.1,0.8,SULTAN_HASSAN,sultan_hassan,REVIEW,Metadata explicitly references Sultan Hassan Mosque | Sultan Hassan architectural features confirmed | Detected overlay/watermark: bottom_subtitle (edge density: 0.09)
001515_50.50s,مسجد_السلطان_حسن_واحد_من_أعظم_التحف_المع_1219b3c7_001515_50.50s.jpg,0.9,0.1,0.8,SULTAN_HASSAN,sultan_hassan,REVIEW,Metadata explicitly references Sultan Hassan Mosque | Sultan Hassan architectural features confirmed | Detected overlay/watermark: bottom_subtitle (edge density: 0.10)
001530_51.00s,مسجد_السلطان_حسن_واحد_من_أعظم_التحف_المع_1219b3c7_001530_51.00s.jpg,0.9,0.1,0.8,SULTAN_HASSAN,sultan_hassan,KEEP,Metadata explicitly references Sultan Hassan Mosque | Sultan Hassan architectural features confirmed
001545_51.50s,مسجد_السلطان_حسن_واحد_من_أعظم_التحف_المع_1219b3c7_001545_51.50s.jpg,0.9,0.1,0.8,SULTAN_HASSAN,sultan_hassan,REVIEW,Metadata explicitly references Sultan Hassan Mosque | Sultan Hassan architectural features confirmed | Detected overlay/watermark: bottom_subtitle (edge density: 0.13)
001560_52.00s,مسجد_السلطان_حسن_واحد_من_أعظم_التحف_المع_1219b3c7_001560_52.00s.jpg,0.9,0.1,0.8,SULTAN_HASSAN,sultan_hassan,REVIEW,Metadata explicitly references Sultan Hassan Mosque | Sultan Hassan architectural features confirmed | Detected overlay/watermark: bottom_subtitle (edge density: 0.14)
001575_52.50s,مسجد_السلطان_حسن_واحد_من_أعظم_التحف_المع_1219b3c7_001575_52.50s.jpg,0.9,0.1,0.8,SULTAN_HASSAN,sultan_hassan,REVIEW,Metadata explicitly references Sultan Hassan Mosque | Sultan Hassan architectural features confirmed | Detected overlay/watermark: bottom_subtitle (edge density: 0.12)
001590_53.00s,مسجد_السلطان_حسن_واحد_من_أعظم_التحف_المع_1219b3c7_001590_53.00s.jpg,0.9,0.1,0.8,SULTAN_HASSAN,sultan_hassan,REVIEW,Metadata explicitly references Sultan Hassan Mosque | Sultan Hassan architectural features confirmed | Detected overlay/watermark: bottom_subtitle (edge density: 0.13)
001605_53.50s,مسجد_السلطان_حسن_واحد_من_أعظم_التحف_المع_1219b3c7_001605_53.50s.jpg,0.9,0.1,0.8,SULTAN_HASSAN,sultan_hassan,REVIEW,Metadata explicitly references Sultan Hassan Mosque | Sultan Hassan architectural features confirmed | Detected overlay/watermark: bottom_subtitle (edge density: 0.13)
001620_54.00s,مسجد_السلطان_حسن_واحد_من_أعظم_التحف_المع_1219b3c7_001620_54.00s.jpg,0.9,0.1,0.8,SULTAN_HASSAN,sultan_hassan,REVIEW,Metadata explicitly references Sultan Hassan Mosque | Sultan Hassan architectural features confirmed | Detected overlay/watermark: bottom_subtitle (edge density: 0.15)
001635_54.50s,مسجد_السلطان_حسن_واحد_من_أعظم_التحف_المع_1219b3c7_001635_54.50s.jpg,0.9,0.1,0.8,SULTAN_HASSAN,sultan_hassan,REVIEW,Metadata explicitly references Sultan Hassan Mosque | Sultan Hassan architectural features confirmed | Detected overlay/watermark: bottom_subtitle (edge density: 0.15)
001650_55.00s,مسجد_السلطان_حسن_واحد_من_أعظم_التحف_المع_1219b3c7_001650_55.00s.jpg,0.9,0.1,0.8,SULTAN_HASSAN,sultan_hassan,REVIEW,Metadata explicitly references Sultan Hassan Mosque | Sultan Hassan architectural features confirmed | Detected overlay/watermark: bottom_subtitle (edge density: 0.15)
001665_55.50s,مسجد_السلطان_حسن_واحد_من_أعظم_التحف_المع_1219b3c7_001665_55.50s.jpg,0.9,0.1,0.8,SULTAN_HASSAN,sultan_hassan,REVIEW,Metadata explicitly references Sultan Hassan Mosque | Sultan Hassan architectural features confirmed | Detected overlay/watermark: bottom_subtitle (edge density: 0.14)
001680_56.00s,مسجد_السلطان_حسن_واحد_من_أعظم_التحف_المع_1219b3c7_001680_56.00s.jpg,0.9,0.1,0.8,SULTAN_HASSAN,sultan_hassan,REVIEW,Metadata explicitly references Sultan Hassan Mosque | Sultan Hassan architectural features confirmed | Detected overlay/watermark: bottom_subtitle (edge density: 0.13)
001695_56.50s,مسجد_السلطان_حسن_واحد_من_أعظم_التحف_المع_1219b3c7_001695_56.50s.jpg,0.9,0.1,0.8,SULTAN_HASSAN,sultan_hassan,KEEP,Metadata explicitly references Sultan Hassan Mosque | Sultan Hassan architectural features confirmed
001710_57.00s,مسجد_السلطان_حسن_واحد_من_أعظم_التحف_المع_1219b3c7_001710_57.00s.jpg,0.9,0.1,0.8,SULTAN_HASSAN,sultan_hassan,KEEP,Metadata explicitly references Sultan Hassan Mosque | Sultan Hassan architectural features confirmed
001725_57.50s,مسجد_السلطان_حسن_واحد_من_أعظم_التحف_المع_1219b3c7_001725_57.50s.jpg,0.9,0.1,0.8,SULTAN_HASSAN,sultan_hassan,KEEP,Metadata explicitly references Sultan Hassan Mosque | Sultan Hassan architectural features confirmed
001740_58.00s,مسجد_السلطان_حسن_واحد_من_أعظم_التحف_المع_1219b3c7_001740_58.00s.jpg,0.9,0.1,0.8,SULTAN_HASSAN,sultan_hassan,KEEP,Metadata explicitly references Sultan Hassan Mosque | Sultan Hassan architectural features confirmed
001755_58.50s,مسجد_السلطان_حسن_واحد_من_أعظم_التحف_المع_1219b3c7_001755_58.50s.jpg,0.9,0.1,0.8,SULTAN_HASSAN,sultan_hassan,KEEP,Metadata explicitly references Sultan Hassan Mosque | Sultan Hassan architectural features confirmed
001770_59.00s,مسجد_السلطان_حسن_واحد_من_أعظم_التحف_المع_1219b3c7_001770_59.00s.jpg,0.9,0.1,0.8,SULTAN_HASSAN,sultan_hassan,KEEP,Metadata explicitly references Sultan Hassan Mosque | Sultan Hassan architectural features confirmed
001785_59.50s,مسجد_السلطان_حسن_واحد_من_أعظم_التحف_المع_1219b3c7_001785_59.50s.jpg,0.9,0.1,0.8,SULTAN_HASSAN,sultan_hassan,REVIEW,Metadata explicitly references Sultan Hassan Mosque | Sultan Hassan architectural features confirmed | Detected overlay/watermark: bottom_subtitle (edge density: 0.10)
001815_60.50s,مسجد_السلطان_حسن_واحد_من_أعظم_التحف_المع_1219b3c7_001815_60.50s.jpg,0.9,0.1,0.8,SULTAN_HASSAN,sultan_hassan,REVIEW,Metadata explicitly references Sultan Hassan Mosque | Sultan Hassan architectural features confirmed | Detected overlay/watermark: bottom_subtitle (edge density: 0.10)
001830_61.00s,مسجد_السلطان_حسن_واحد_من_أعظم_التحف_المع_1219b3c7_001830_61.00s.jpg,0.9,0.1,0.8,SULTAN_HASSAN,sultan_hassan,REVIEW,Metadata explicitly references Sultan Hassan Mosque | Sultan Hassan architectural features confirmed | Detected overlay/watermark: bottom_subtitle (edge density: 0.10)
001845_61.50s,مسجد_السلطان_حسن_واحد_من_أعظم_التحف_المع_1219b3c7_001845_61.50s.jpg,0.9,0.1,0.8,SULTAN_HASSAN,sultan_hassan,KEEP,Metadata explicitly references Sultan Hassan Mosque | Sultan Hassan architectural features confirmed
001860_62.00s,مسجد_السلطان_حسن_واحد_من_أعظم_التحف_المع_1219b3c7_001860_62.00s.jpg,0.9,0.1,0.8,SULTAN_HASSAN,sultan_hassan,KEEP,Metadata explicitly references Sultan Hassan Mosque | Sultan Hassan architectural features confirmed
001890_63.00s,مسجد_السلطان_حسن_واحد_من_أعظم_التحف_المع_1219b3c7_001890_63.00s.jpg,0.9,0.1,0.8,SULTAN_HASSAN,sultan_hassan,KEEP,Metadata explicitly references Sultan Hassan Mosque | Sultan Hassan architectural features confirmed
001905_63.50s,مسجد_السلطان_حسن_واحد_من_أعظم_التحف_المع_1219b3c7_001905_63.50s.jpg,0.9,0.1,0.8,SULTAN_HASSAN,sultan_hassan,REVIEW,Metadata explicitly references Sultan Hassan Mosque | Sultan Hassan architectural features confirmed | Detected overlay/watermark: top_overlay (edge density: 0.10)
001920_64.00s,مسجد_السلطان_حسن_واحد_من_أعظم_التحف_المع_1219b3c7_001920_64.00s.jpg,0.9,0.1,0.8,SULTAN_HASSAN,sultan_hassan,REVIEW,Metadata explicitly references Sultan Hassan Mosque | Sultan Hassan architectural features confirmed | Detected overlay/watermark: top_overlay (edge density: 0.11)
001935_64.50s,مسجد_السلطان_حسن_واحد_من_أعظم_التحف_المع_1219b3c7_001935_64.50s.jpg,0.9,0.1,0.8,SULTAN_HASSAN,sultan_hassan,REVIEW,Metadata explicitly references Sultan Hassan Mosque | Sultan Hassan architectural features confirmed | Detected overlay/watermark: top_overlay (edge density: 0.11)
001950_65.00s,مسجد_السلطان_حسن_واحد_من_أعظم_التحف_المع_1219b3c7_001950_65.00s.jpg,0.9,0.1,0.8,SULTAN_HASSAN,sultan_hassan,REVIEW,Metadata explicitly references Sultan Hassan Mosque | Sultan Hassan architectural features confirmed | Detected overlay/watermark: top_overlay (edge density: 0.09)
001965_65.50s,مسجد_السلطان_حسن_واحد_من_أعظم_التحف_المع_1219b3c7_001965_65.50s.jpg,0.9,0.1,0.8,SULTAN_HASSAN,sultan_hassan,KEEP,Metadata explicitly references Sultan Hassan Mosque | Sultan Hassan architectural features confirmed
001980_66.00s,مسجد_السلطان_حسن_واحد_من_أعظم_التحف_المع_1219b3c7_001980_66.00s.jpg,0.9,0.1,0.8,SULTAN_HASSAN,sultan_hassan,KEEP,Metadata explicitly references Sultan Hassan Mosque | Sultan Hassan architectural features confirmed
002010_67.00s,مسجد_السلطان_حسن_واحد_من_أعظم_التحف_المع_1219b3c7_002010_67.00s.jpg,0.9,0.1,0.8,SULTAN_HASSAN,sultan_hassan,KEEP,Metadata explicitly references Sultan Hassan Mosque | Sultan Hassan architectural features confirmed
002040_68.00s,مسجد_السلطان_حسن_واحد_من_أعظم_التحف_المع_1219b3c7_002040_68.00s.jpg,0.9,0.1,0.8,SULTAN_HASSAN,sultan_hassan,KEEP,Metadata explicitly references Sultan Hassan Mosque | Sultan Hassan architectural features confirmed
002055_68.50s,مسجد_السلطان_حسن_واحد_من_أعظم_التحف_المع_1219b3c7_002055_68.50s.jpg,0.9,0.1,0.8,SULTAN_HASSAN,sultan_hassan,KEEP,Metadata explicitly references Sultan Hassan Mosque | Sultan Hassan architectural features confirmed
002085_69.50s,مسجد_السلطان_حسن_واحد_من_أعظم_التحف_المع_1219b3c7_002085_69.50s.jpg,0.9,0.1,0.8,SULTAN_HASSAN,sultan_hassan,KEEP,Metadata explicitly references Sultan Hassan Mosque | Sultan Hassan architectural features confirmed
002160_72.00s,مسجد_السلطان_حسن_واحد_من_أعظم_التحف_المع_1219b3c7_002160_72.00s.jpg,0.9,0.1,0.8,SULTAN_HASSAN,sultan_hassan,KEEP,Metadata explicitly references Sultan Hassan Mosque | Sultan Hassan architectural features confirmed
002175_72.50s,مسجد_السلطان_حسن_واحد_من_أعظم_التحف_المع_1219b3c7_002175_72.50s.jpg,0.9,0.1,0.8,SULTAN_HASSAN,sultan_hassan,KEEP,Metadata explicitly references Sultan Hassan Mosque | Sultan Hassan architectural features confirmed
002190_73.00s,مسجد_السلطان_حسن_واحد_من_أعظم_التحف_المع_1219b3c7_002190_73.00s.jpg,0.9,0.1,0.8,SULTAN_HASSAN,sultan_hassan,KEEP,Metadata explicitly references Sultan Hassan Mosque | Sultan Hassan architectural features confirmed
002205_73.50s,مسجد_السلطان_حسن_واحد_من_أعظم_التحف_المع_1219b3c7_002205_73.50s.jpg,0.9,0.1,0.8,SULTAN_HASSAN,sultan_hassan,KEEP,Metadata explicitly references Sultan Hassan Mosque | Sultan Hassan architectural features confirmed
002220_74.00s,مسجد_السلطان_حسن_واحد_من_أعظم_التحف_المع_1219b3c7_002220_74.00s.jpg,0.9,0.1,0.8,SULTAN_HASSAN,sultan_hassan,KEEP,Metadata explicitly references Sultan Hassan Mosque | Sultan Hassan architectural features confirmed
002235_74.50s,مسجد_السلطان_حسن_واحد_من_أعظم_التحف_المع_1219b3c7_002235_74.50s.jpg,0.9,0.1,0.8,SULTAN_HASSAN,sultan_hassan,KEEP,Metadata explicitly references Sultan Hassan Mosque | Sultan Hassan architectural features confirmed
002250_75.00s,مسجد_السلطان_حسن_واحد_من_أعظم_التحف_المع_1219b3c7_002250_75.00s.jpg,0.9,0.1,0.8,SULTAN_HASSAN,sultan_hassan,KEEP,Metadata explicitly references Sultan Hassan Mosque | Sultan Hassan architectural features confirmed
002265_75.50s,مسجد_السلطان_حسن_واحد_من_أعظم_التحف_المع_1219b3c7_002265_75.50s.jpg,0.9,0.1,0.8,SULTAN_HASSAN,sultan_hassan,KEEP,Metadata explicitly references Sultan Hassan Mosque | Sultan Hassan architectural features confirmed
002280_76.00s,مسجد_السلطان_حسن_واحد_من_أعظم_التحف_المع_1219b3c7_002280_76.00s.jpg,0.9,0.1,0.8,SULTAN_HASSAN,sultan_hassan,KEEP,Metadata explicitly references Sultan Hassan Mosque | Sultan Hassan architectural features confirmed
002295_76.50s,مسجد_السلطان_حسن_واحد_من_أعظم_التحف_المع_1219b3c7_002295_76.50s.jpg,0.9,0.1,0.8,SULTAN_HASSAN,sultan_hassan,KEEP,Metadata explicitly references Sultan Hassan Mosque | Sultan Hassan architectural features confirmed
002310_77.00s,مسجد_السلطان_حسن_واحد_من_أعظم_التحف_المع_1219b3c7_002310_77.00s.jpg,0.9,0.1,0.8,SULTAN_HASSAN,sultan_hassan,KEEP,Metadata explicitly references Sultan Hassan Mosque | Sultan Hassan architectural features confirmed
002325_77.50s,مسجد_السلطان_حسن_واحد_من_أعظم_التحف_المع_1219b3c7_002325_77.50s.jpg,0.9,0.1,0.8,SULTAN_HASSAN,sultan_hassan,KEEP,Metadata explicitly references Sultan Hassan Mosque | Sultan Hassan architectural features confirmed
002340_78.00s,مسجد_السلطان_حسن_واحد_من_أعظم_التحف_المع_1219b3c7_002340_78.00s.jpg,0.9,0.1,0.8,SULTAN_HASSAN,sultan_hassan,KEEP,Metadata explicitly references Sultan Hassan Mosque | Sultan Hassan architectural features confirmed
002355_78.50s,مسجد_السلطان_حسن_واحد_من_أعظم_التحف_المع_1219b3c7_002355_78.50s.jpg,0.9,0.1,0.8,SULTAN_HASSAN,sultan_hassan,KEEP,Metadata explicitly references Sultan Hassan Mosque | Sultan Hassan architectural features confirmed
