image_id,source_video,source_sha256,frame_number,timestamp_seconds,original_width,original_height,processed_width,processed_height,file_path,sha256,phash,category,review_decision,sultan_hassan_score,al_rifai_score,source_type,created_at
img_010,الله_من_مسجد_السلطان_حسن_بالقاهرة_مصر_جم_172dae5d_000150_5.00s.jpg,,10,0.0,720,1282,1024,1823,data\final\images\sltnhsn_010_000150_5.00s.jpg,ad527fd3ca778b734499adf1b3f9178548fd0e80e751e7750416abc6e2d745fe,c890f63d3f57c8a0,EXTERIOR,KEEP,1.0,0.0,user_provided_video,2026-09-24T19:02:25.317389+00:00
img_004,الله_من_مسجد_السلطان_حسن_بالقاهرة_مصر_جم_172dae5d_000060_2.00s.jpg,,4,0.0,720,1282,1024,1823,data\final\images\sltnhsn_004_000060_2.00s.jpg,6b103ac0cef1bfecf9d61526026a5a37a9487ef6e6355a720d4d15b39818e9ea,d5dcb227252dc9c2,EXTERIOR,KEEP,1.0,0.0,user_provided_video,2026-09-24T19:02:24.848398+00:00
img_011,الله_من_مسجد_السلطان_حسن_بالقاهرة_مصر_جم_172dae5d_000165_5.50s.jpg,,11,0.0,720,1282,1024,1823,data\final\images\sltnhsn_011_000165_5.50s.jpg,8dd22f7cc843c7f722e0e30c30eaf7b1c14688998f742a61cd0da6ce1a7ae15a,c590eb1d634a94b7,EXTERIOR,KEEP,1.0,0.0,user_provided_video,2026-09-24T19:02:25.393574+00:00
img_037,في_قلب_القاهره_يقف_مسجد_السلطان_حسن_كواح_3b681b02_000120_4.00s.jpg,,37,0.0,720,1280,1024,1820,data\final\images\sltnhsn_037_000120_4.00s.jpg,323369d8e298ec248bd145ef0e2f41964519eb39b4c0708be8c64721b02e1f79,9fc1b6aa683a2d54,EXTERIOR,KEEP,1.0,0.0,user_provided_video,2026-09-24T19:02:27.547674+00:00
img_026,جمعه_مباركه_مسجدالسلطان_حسن_مسجد_مساجد_م_e6d3b582_000615_20.50s.jpg,,26,0.0,720,1280,1024,1820,data\final\images\sltnhsn_026_000615_20.50s.jpg,701f9d672e10da0621c966fd1f105df18bf2143f5685987d0c96cc09d5e5eb1f,b5caf5824d38cacc,EXTERIOR,KEEP,1.0,0.0,user_provided_video,2026-09-24T19:02:26.683128+00:00
img_025,جمعه_مباركه_مسجدالسلطان_حسن_مسجد_مساجد_م_e6d3b582_000600_20.00s.jpg,,25,0.0,720,1280,1024,1820,data\final\images\sltnhsn_025_000600_20.00s.jpg,6018f1b9c4ba9b39dcf13671b5c3be8e80649b792efbf93622dcc3e9467122eb,b5caf5904e3ec8c4,EXTERIOR,KEEP,1.0,0.0,user_provided_video,2026-09-24T19:02:26.600287+00:00
img_031,في_قلب_القاهره_يقف_مسجد_السلطان_حسن_كواح_3b681b02_000030_1.00s.jpg,,31,0.0,720,1280,1024,1820,data\final\images\sltnhsn_031_000030_1.00s.jpg,fd15180c8c44e3126fc2b3defc15a5bbb9fd8fc53067be55242f68180d70f4c3,d1f1ee0e702e2393,EXTERIOR,KEEP,1.0,0.0,user_provided_video,2026-09-24T19:02:27.081581+00:00
img_012,جمعه_مباركه_مسجدالسلطان_حسن_مسجد_مساجد_م_e6d3b582_000000_0.00s.jpg,,12,0.0,720,1280,1024,1820,data\final\images\sltnhsn_012_000000_0.00s.jpg,be7d0ceac0af53605ea1baf314f07a6c9cad2d2f8c2054a51b4e4a8d21521f6e,94844dfa3a32d755,EXTERIOR,KEEP,1.0,0.0,user_provided_video,2026-09-24T19:02:25.475566+00:00
img_005,الله_من_مسجد_السلطان_حسن_بالقاهرة_مصر_جم_172dae5d_000075_2.50s.jpg,,5,0.0,720,1282,1024,1823,data\final\images\sltnhsn_005_000075_2.50s.jpg,906d12df3b76a4ee9278837e31cde51cba0a29b33b90e4e0c6cd282a744e8677,c1eeb53823c2eccc,EXTERIOR,KEEP,1.0,0.0,user_provided_video,2026-09-24T19:02:24.928849+00:00
img_033,في_قلب_القاهره_يقف_مسجد_السلطان_حسن_كواح_3b681b02_000060_2.00s.jpg,,33,0.0,720,1280,1024,1820,data\final\images\sltnhsn_033_000060_2.00s.jpg,6f5fef406d76a166f735bece5e780efc649d3d0b8d1a05818e5ad7b8ae7db19c,8ce6d91f730924b6,EXTERIOR,KEEP,1.0,0.0,user_provided_video,2026-09-24T19:02:27.235861+00:00
img_022,جمعه_مباركه_مسجدالسلطان_حسن_مسجد_مساجد_م_e6d3b582_000525_17.50s.jpg,,22,0.0,720,1280,1024,1820,data\final\images\sltnhsn_022_000525_17.50s.jpg,40f3b1449bbfac77bc4892441ba5d2a4b50b9022c5c5ef79591c427ff95560b0,bd9accb1d24560b3,EXTERIOR,KEEP,1.0,0.0,user_provided_video,2026-09-24T19:02:26.352928+00:00
img_029,في_قلب_القاهره_يقف_مسجد_السلطان_حسن_كواح_3b681b02_000000_0.00s.jpg,,29,0.0,720,1280,1024,1820,data\final\images\sltnhsn_029_000000_0.00s.jpg,8a41ab674bd53f4060d84f169e70409cc95a6f2d6a04d840f2c68ecdb997145e,ef98f7815b7882a0,EXTERIOR,KEEP,1.0,0.0,user_provided_video,2026-09-24T19:02:26.925961+00:00
img_024,جمعه_مباركه_مسجدالسلطان_حسن_مسجد_مساجد_م_e6d3b582_000585_19.50s.jpg,,24,0.0,720,1280,1024,1820,data\final\images\sltnhsn_024_000585_19.50s.jpg,40b18e79a526ee11b65d838d1fbee126336083254df27eccae80a407d73c2569,ae97d9e0868870f6,EXTERIOR,KEEP,1.0,0.0,user_provided_video,2026-09-24T19:02:26.518062+00:00
img_019,جمعه_مباركه_مسجدالسلطان_حسن_مسجد_مساجد_م_e6d3b582_000465_15.50s.jpg,,19,0.0,720,1280,1024,1820,data\final\images\sltnhsn_019_000465_15.50s.jpg,e7f492f8abd12ce038405274cb3efc8bc88b1ff6673830356fbaf03b5291e388,b5b4d21838a33757,EXTERIOR,KEEP,1.0,0.0,user_provided_video,2026-09-24T19:02:26.103659+00:00
img_013,جمعه_مباركه_مسجدالسلطان_حسن_مسجد_مساجد_م_e6d3b582_000105_3.50s.jpg,,13,0.0,720,1280,1024,1820,data\final\images\sltnhsn_013_000105_3.50s.jpg,6376e25760268f58e907c9182a014d9686e8adae7def4ba8e19f1782551fd546,9494d9f832329757,EXTERIOR,KEEP,1.0,0.0,user_provided_video,2026-09-24T19:02:25.557178+00:00
img_035,في_قلب_القاهره_يقف_مسجد_السلطان_حسن_كواح_3b681b02_000090_3.00s.jpg,,35,0.0,720,1280,1024,1820,data\final\images\sltnhsn_035_000090_3.00s.jpg,17edff9d5d944211b3d9c598b397083654d139f5f21cbf01e530c94b112d664a,9bc0b2bd4416abab,EXTERIOR,KEEP,1.0,0.0,user_provided_video,2026-09-24T19:02:27.394610+00:00
img_036,في_قلب_القاهره_يقف_مسجد_السلطان_حسن_كواح_3b681b02_000105_3.50s.jpg,,36,0.0,720,1280,1024,1820,data\final\images\sltnhsn_036_000105_3.50s.jpg,8cfc33ab2c786f9eba546881309d0521208b318dbdf10788bece11cd1c8add56,9ac0b0bd451fbbc2,EXTERIOR,KEEP,1.0,0.0,user_provided_video,2026-09-24T19:02:27.471786+00:00
img_027,جمعه_مباركه_مسجدالسلطان_حسن_مسجد_مساجد_م_e6d3b582_000630_21.00s.jpg,,27,0.0,720,1280,1024,1820,data\final\images\sltnhsn_027_000630_21.00s.jpg,c4bfc95d0bb5c37d04b427becef173b27a50c986a49923059d4ddf076a29b144,bfc2f4835c3c8ac8,EXTERIOR,KEEP,1.0,0.0,user_provided_video,2026-09-24T19:02:26.766847+00:00
img_014,جمعه_مباركه_مسجدالسلطان_حسن_مسجد_مساجد_م_e6d3b582_000135_4.50s.jpg,,14,0.0,720,1280,1024,1820,data\final\images\sltnhsn_014_000135_4.50s.jpg,6fae5fea09053b14e1b68479f1f3ee4f5597edf8bf2bbe8e6712d4e2fd166219,94945afa3a32b355,EXTERIOR,KEEP,1.0,0.0,user_provided_video,2026-09-24T19:02:25.638899+00:00
img_023,جمعه_مباركه_مسجدالسلطان_حسن_مسجد_مساجد_م_e6d3b582_000570_19.00s.jpg,,23,0.0,720,1280,1024,1820,data\final\images\sltnhsn_023_000570_19.00s.jpg,87bdab75d5124e365484120d7913d04ba1bc444c1e70fd97ede49ed1b24a2461,ae97d8e0968870f6,EXTERIOR,KEEP,1.0,0.0,user_provided_video,2026-09-24T19:02:26.435034+00:00
img_021,جمعه_مباركه_مسجدالسلطان_حسن_مسجد_مساجد_م_e6d3b582_000495_16.50s.jpg,,21,0.0,720,1280,1024,1820,data\final\images\sltnhsn_021_000495_16.50s.jpg,e56e0cce3dbaa62e103776225bf769883dc7933388dfff30d5389b0b32824901,bd98c8b5d85462ab,EXTERIOR,KEEP,1.0,0.0,user_provided_video,2026-09-24T19:02:26.267096+00:00
img_032,في_قلب_القاهره_يقف_مسجد_السلطان_حسن_كواح_3b681b02_000045_1.50s.jpg,,32,0.0,720,1280,1024,1820,data\final\images\sltnhsn_032_000045_1.50s.jpg,13550f241aa0620729cdc1d9a233d0a1500df32b13ec725675a36d8d169eb2a9,96e3fc1d712c2296,EXTERIOR,KEEP,1.0,0.0,user_provided_video,2026-09-24T19:02:27.157907+00:00
img_038,في_قلب_القاهره_يقف_مسجد_السلطان_حسن_كواح_3b681b02_000135_4.50s.jpg,,38,0.0,720,1280,1024,1820,data\final\images\sltnhsn_038_000135_4.50s.jpg,ed305952f985057949e7f21748fd973e4529f7447c8562a198cb8ceb8bf4ec6f,97c9b4ca6d1a2da2,EXTERIOR,KEEP,1.0,0.0,user_provided_video,2026-09-24T19:02:27.622474+00:00
img_030,في_قلب_القاهره_يقف_مسجد_السلطان_حسن_كواح_3b681b02_000015_0.50s.jpg,,30,0.0,720,1280,1024,1820,data\final\images\sltnhsn_030_000015_0.50s.jpg,df6ddb560a469dcd46efaeb9ff993553fb7834732c57a23ba1c63026fa6dab84,eab0ef037e312589,EXTERIOR,KEEP,1.0,0.0,user_provided_video,2026-09-24T19:02:27.004566+00:00
img_020,جمعه_مباركه_مسجدالسلطان_حسن_مسجد_مساجد_م_e6d3b582_000480_16.00s.jpg,,20,0.0,720,1280,1024,1820,data\final\images\sltnhsn_020_000480_16.00s.jpg,91dbc6df8d50bf14374f98fb4725cb8b20bbdc0e9e37038628e6183428a1c281,b5b0cab079b56361,EXTERIOR,KEEP,1.0,0.0,user_provided_video,2026-09-24T19:02:26.184799+00:00
img_017,جمعه_مباركه_مسجدالسلطان_حسن_مسجد_مساجد_م_e6d3b582_000315_10.50s.jpg,,17,0.0,720,1280,1024,1820,data\final\images\sltnhsn_017_000315_10.50s.jpg,5e2eaf47f06da0d4e7b8b65cef4de8e752c5b7f3b372f36a321d08bffd656c95,b594da983aa33333,EXTERIOR,KEEP,1.0,0.0,user_provided_video,2026-09-24T19:02:25.928570+00:00
img_040,في_قلب_القاهره_يقف_مسجد_السلطان_حسن_كواح_3b681b02_000165_5.50s.jpg,,40,0.0,720,1280,1024,1820,data\final\images\sltnhsn_040_000165_5.50s.jpg,95052737159d452327d618870f0e496dd295bd196a86230c9e46c4b263297314,a09cf73dc8e186c3,EXTERIOR,KEEP,1.0,0.0,user_provided_video,2026-09-24T19:02:27.778737+00:00
img_034,في_قلب_القاهره_يقف_مسجد_السلطان_حسن_كواح_3b681b02_000075_2.50s.jpg,,34,0.0,720,1280,1024,1820,data\final\images\sltnhsn_034_000075_2.50s.jpg,935db243ae3d3861d5b2fcc897ff88221f3212a92570c0e556a4d8a9dcc4716f,8de4b91e4243adad,EXTERIOR,KEEP,1.0,0.0,user_provided_video,2026-09-24T19:02:27.316933+00:00
img_003,الله_من_مسجد_السلطان_حسن_بالقاهرة_مصر_جم_172dae5d_000045_1.50s.jpg,,3,0.0,720,1282,1024,1823,data\final\images\sltnhsn_003_000045_1.50s.jpg,363090e2f3f749c74c6caf90411e859b6478edf3ff74e561b6bedb72ecb1fe58,9cd3e5a8ee2b221a,EXTERIOR,KEEP,1.0,0.0,user_provided_video,2026-09-24T19:02:24.771757+00:00
img_001,الله_من_مسجد_السلطان_حسن_بالقاهرة_مصر_جم_172dae5d_000000_0.00s.jpg,,1,0.0,720,1282,1024,1823,data\final\images\sltnhsn_001_000000_0.00s.jpg,8bfa31c2ef4068b6bc3d7fa9aa67637235bbf40a83dbdc4279b146dc1707d0c9,bdd0948585ddeae0,EXTERIOR,KEEP,1.0,0.0,user_provided_video,2026-09-24T19:02:24.609397+00:00
img_039,في_قلب_القاهره_يقف_مسجد_السلطان_حسن_كواح_3b681b02_000150_5.00s.jpg,,39,0.0,720,1280,1024,1820,data\final\images\sltnhsn_039_000150_5.00s.jpg,b71e5dc155e70272d04c8a241624db37f20c9a72925da6a044fa8b240706662f,96cbb5c9761a2d03,EXTERIOR,KEEP,1.0,0.0,user_provided_video,2026-09-24T19:02:27.701835+00:00
img_028,جمعه_مباركه_مسجدالسلطان_حسن_مسجد_مساجد_م_e6d3b582_000645_21.50s.jpg,,28,0.0,720,1280,1024,1820,data\final\images\sltnhsn_028_000645_21.50s.jpg,312ef638d2f1a478df632f342daf6196c55a983d352c8a5d0695b1ed195dd93f,aad6e0971c6d9ac8,EXTERIOR,KEEP,1.0,0.0,user_provided_video,2026-09-24T19:02:26.847546+00:00
